"rate_date","from_ccy","to_ccy","rate"
"2026-01-01","GBP","GBP","1.013768"
"2026-01-01","USD","GBP","1.268242"
"2026-01-01","EUR","GBP","1.17345"
"2026-01-01","JPY","GBP","192.909232"
"2026-01-01","CHF","GBP","1.083652"
"2026-01-02","GBP","GBP","0.985751"
"2026-01-02","USD","GBP","1.261389"
"2026-01-02","EUR","GBP","1.153042"
"2026-01-02","JPY","GBP","191.47431"
"2026-01-02","CHF","GBP","1.097661"
"2026-01-03","GBP","GBP","0.988069"
"2026-01-03","USD","GBP","1.251731"
"2026-01-03","EUR","GBP","1.146757"
"2026-01-03","JPY","GBP","192.545715"
"2026-01-03","CHF","GBP","1.118121"
"2026-01-04","GBP","GBP","1.019903"
"2026-01-04","USD","GBP","1.289719"
"2026-01-04","EUR","GBP","1.154922"
"2026-01-04","JPY","GBP","192.397946"
"2026-01-04","CHF","GBP","1.096006"
"2026-01-05","GBP","GBP","1.002301"
"2026-01-05","USD","GBP","1.285961"
"2026-01-05","EUR","GBP","1.186406"
"2026-01-05","JPY","GBP","187.65178"
"2026-01-05","CHF","GBP","1.094423"
"2026-01-06","GBP","GBP","1.007926"
"2026-01-06","USD","GBP","1.283018"
"2026-01-06","EUR","GBP","1.175356"
"2026-01-06","JPY","GBP","190.382646"
"2026-01-06","CHF","GBP","1.101852"
"2026-01-07","GBP","GBP","1.006878"
"2026-01-07","USD","GBP","1.254896"
"2026-01-07","EUR","GBP","1.190135"
"2026-01-07","JPY","GBP","192.33835"
"2026-01-07","CHF","GBP","1.111272"
"2026-01-08","GBP","GBP","1.018113"
"2026-01-08","USD","GBP","1.250793"
"2026-01-08","EUR","GBP","1.178876"
"2026-01-08","JPY","GBP","186.484185"
"2026-01-08","CHF","GBP","1.087594"
"2026-01-09","GBP","GBP","1.017845"
"2026-01-09","USD","GBP","1.246838"
"2026-01-09","EUR","GBP","1.165124"
"2026-01-09","JPY","GBP","191.309968"
"2026-01-09","CHF","GBP","1.083086"
"2026-01-10","GBP","GBP","1.018266"
"2026-01-10","USD","GBP","1.293816"
"2026-01-10","EUR","GBP","1.158725"
"2026-01-10","JPY","GBP","191.402046"
"2026-01-10","CHF","GBP","1.105318"
"2026-01-11","GBP","GBP","0.986061"
"2026-01-11","USD","GBP","1.27916"
"2026-01-11","EUR","GBP","1.185065"
"2026-01-11","JPY","GBP","192.746562"
"2026-01-11","CHF","GBP","1.081641"
"2026-01-12","GBP","GBP","0.9812"
"2026-01-12","USD","GBP","1.275834"
"2026-01-12","EUR","GBP","1.164511"
"2026-01-12","JPY","GBP","190.072558"
"2026-01-12","CHF","GBP","1.096933"
"2026-01-13","GBP","GBP","0.995501"
"2026-01-13","USD","GBP","1.280976"
"2026-01-13","EUR","GBP","1.174085"
"2026-01-13","JPY","GBP","187.354407"
"2026-01-13","CHF","GBP","1.112095"
"2026-01-14","GBP","GBP","1.019962"
"2026-01-14","USD","GBP","1.255274"
"2026-01-14","EUR","GBP","1.155758"
"2026-01-14","JPY","GBP","186.798759"
"2026-01-14","CHF","GBP","1.120197"
"2026-01-15","GBP","GBP","1.015026"
"2026-01-15","USD","GBP","1.254684"
"2026-01-15","EUR","GBP","1.153172"
"2026-01-15","JPY","GBP","190.740865"
"2026-01-15","CHF","GBP","1.098376"
"2026-01-16","GBP","GBP","1.000539"
"2026-01-16","USD","GBP","1.265854"
"2026-01-16","EUR","GBP","1.154939"
"2026-01-16","JPY","GBP","186.773363"
"2026-01-16","CHF","GBP","1.096331"
"2026-01-17","GBP","GBP","1.009172"
"2026-01-17","USD","GBP","1.269856"
"2026-01-17","EUR","GBP","1.190122"
"2026-01-17","JPY","GBP","193.264122"
"2026-01-17","CHF","GBP","1.095185"
"2026-01-18","GBP","GBP","1.019665"
"2026-01-18","USD","GBP","1.263944"
"2026-01-18","EUR","GBP","1.149822"
"2026-01-18","JPY","GBP","191.709372"
"2026-01-18","CHF","GBP","1.109951"
"2026-01-19","GBP","GBP","0.993519"
"2026-01-19","USD","GBP","1.282152"
"2026-01-19","EUR","GBP","1.155029"
"2026-01-19","JPY","GBP","190.813857"
"2026-01-19","CHF","GBP","1.114542"
"2026-01-20","GBP","GBP","0.989203"
"2026-01-20","USD","GBP","1.267803"
"2026-01-20","EUR","GBP","1.158016"
"2026-01-20","JPY","GBP","193.020787"
"2026-01-20","CHF","GBP","1.083128"
"2026-01-21","GBP","GBP","1.009861"
"2026-01-21","USD","GBP","1.283876"
"2026-01-21","EUR","GBP","1.155038"
"2026-01-21","JPY","GBP","191.713427"
"2026-01-21","CHF","GBP","1.110789"
"2026-01-22","GBP","GBP","1.018121"
"2026-01-22","USD","GBP","1.272027"
"2026-01-22","EUR","GBP","1.157103"
"2026-01-22","JPY","GBP","189.226998"
"2026-01-22","CHF","GBP","1.103048"
"2026-01-23","GBP","GBP","1.004465"
"2026-01-23","USD","GBP","1.266782"
"2026-01-23","EUR","GBP","1.16098"
"2026-01-23","JPY","GBP","186.906335"
"2026-01-23","CHF","GBP","1.108844"
"2026-01-24","GBP","GBP","1.015615"
"2026-01-24","USD","GBP","1.284534"
"2026-01-24","EUR","GBP","1.177385"
"2026-01-24","JPY","GBP","191.986137"
"2026-01-24","CHF","GBP","1.112464"
"2026-01-25","GBP","GBP","1.004731"
"2026-01-25","USD","GBP","1.251776"
"2026-01-25","EUR","GBP","1.168632"
"2026-01-25","JPY","GBP","188.879879"
"2026-01-25","CHF","GBP","1.105326"
"2026-01-26","GBP","GBP","0.985458"
"2026-01-26","USD","GBP","1.245535"
"2026-01-26","EUR","GBP","1.17156"
"2026-01-26","JPY","GBP","192.029048"
"2026-01-26","CHF","GBP","1.088253"
"2026-01-27","GBP","GBP","0.982269"
"2026-01-27","USD","GBP","1.253462"
"2026-01-27","EUR","GBP","1.159738"
"2026-01-27","JPY","GBP","193.487681"
"2026-01-27","CHF","GBP","1.107484"
"2026-01-28","GBP","GBP","1.018247"
"2026-01-28","USD","GBP","1.260697"
"2026-01-28","EUR","GBP","1.156171"
"2026-01-28","JPY","GBP","187.60063"
"2026-01-28","CHF","GBP","1.097252"
"2026-01-29","GBP","GBP","0.998069"
"2026-01-29","USD","GBP","1.252543"
"2026-01-29","EUR","GBP","1.177982"
"2026-01-29","JPY","GBP","187.382834"
"2026-01-29","CHF","GBP","1.08304"
"2026-01-30","GBP","GBP","1.016053"
"2026-01-30","USD","GBP","1.266543"
"2026-01-30","EUR","GBP","1.150679"
"2026-01-30","JPY","GBP","193.0863"
"2026-01-30","CHF","GBP","1.119366"
"2026-01-31","GBP","GBP","0.997759"
"2026-01-31","USD","GBP","1.285186"
"2026-01-31","EUR","GBP","1.169185"
"2026-01-31","JPY","GBP","187.06795"
"2026-01-31","CHF","GBP","1.099924"
"2026-02-01","GBP","GBP","1.00421"
"2026-02-01","USD","GBP","1.259961"
"2026-02-01","EUR","GBP","1.185335"
"2026-02-01","JPY","GBP","186.993428"
"2026-02-01","CHF","GBP","1.104784"
"2026-02-02","GBP","GBP","1.017384"
"2026-02-02","USD","GBP","1.244933"
"2026-02-02","EUR","GBP","1.168008"
"2026-02-02","JPY","GBP","187.456001"
"2026-02-02","CHF","GBP","1.100552"
"2026-02-03","GBP","GBP","0.997487"
"2026-02-03","USD","GBP","1.252522"
"2026-02-03","EUR","GBP","1.162903"
"2026-02-03","JPY","GBP","189.413633"
"2026-02-03","CHF","GBP","1.110773"
"2026-02-04","GBP","GBP","1.002939"
"2026-02-04","USD","GBP","1.274145"
"2026-02-04","EUR","GBP","1.16876"
"2026-02-04","JPY","GBP","188.660799"
"2026-02-04","CHF","GBP","1.092588"
"2026-02-05","GBP","GBP","0.998476"
"2026-02-05","USD","GBP","1.268512"
"2026-02-05","EUR","GBP","1.161348"
"2026-02-05","JPY","GBP","188.009376"
"2026-02-05","CHF","GBP","1.109668"
"2026-02-06","GBP","GBP","1.008181"
"2026-02-06","USD","GBP","1.291907"
"2026-02-06","EUR","GBP","1.175955"
"2026-02-06","JPY","GBP","192.483988"
"2026-02-06","CHF","GBP","1.112718"
"2026-02-07","GBP","GBP","0.990311"
"2026-02-07","USD","GBP","1.279747"
"2026-02-07","EUR","GBP","1.154393"
"2026-02-07","JPY","GBP","189.70082"
"2026-02-07","CHF","GBP","1.080853"
"2026-02-08","GBP","GBP","1.006151"
"2026-02-08","USD","GBP","1.269451"
"2026-02-08","EUR","GBP","1.151285"
"2026-02-08","JPY","GBP","190.574226"
"2026-02-08","CHF","GBP","1.100129"
"2026-02-09","GBP","GBP","0.997807"
"2026-02-09","USD","GBP","1.280105"
"2026-02-09","EUR","GBP","1.170248"
"2026-02-09","JPY","GBP","191.087415"
"2026-02-09","CHF","GBP","1.107804"
"2026-02-10","GBP","GBP","1.009815"
"2026-02-10","USD","GBP","1.248846"
"2026-02-10","EUR","GBP","1.17769"
"2026-02-10","JPY","GBP","187.425584"
"2026-02-10","CHF","GBP","1.094133"
"2026-02-11","GBP","GBP","1.014495"
"2026-02-11","USD","GBP","1.261132"
"2026-02-11","EUR","GBP","1.154032"
"2026-02-11","JPY","GBP","192.148251"
"2026-02-11","CHF","GBP","1.0796"
"2026-02-12","GBP","GBP","0.985382"
"2026-02-12","USD","GBP","1.294753"
"2026-02-12","EUR","GBP","1.174193"
"2026-02-12","JPY","GBP","189.123489"
"2026-02-12","CHF","GBP","1.117786"
"2026-02-13","GBP","GBP","0.980134"
"2026-02-13","USD","GBP","1.26387"
"2026-02-13","EUR","GBP","1.176112"
"2026-02-13","JPY","GBP","189.059193"
"2026-02-13","CHF","GBP","1.08921"
"2026-02-14","GBP","GBP","1.009812"
"2026-02-14","USD","GBP","1.294863"
"2026-02-14","EUR","GBP","1.188145"
"2026-02-14","JPY","GBP","188.920813"
"2026-02-14","CHF","GBP","1.082006"
"2026-02-15","GBP","GBP","0.983372"
"2026-02-15","USD","GBP","1.26906"
"2026-02-15","EUR","GBP","1.188624"
"2026-02-15","JPY","GBP","192.438475"
"2026-02-15","CHF","GBP","1.117"
"2026-02-16","GBP","GBP","1.010519"
"2026-02-16","USD","GBP","1.293642"
"2026-02-16","EUR","GBP","1.178052"
"2026-02-16","JPY","GBP","190.461374"
"2026-02-16","CHF","GBP","1.120871"
"2026-02-17","GBP","GBP","1.004837"
"2026-02-17","USD","GBP","1.25816"
"2026-02-17","EUR","GBP","1.168408"
"2026-02-17","JPY","GBP","189.697431"
"2026-02-17","CHF","GBP","1.118774"
"2026-02-18","GBP","GBP","1.017294"
"2026-02-18","USD","GBP","1.27168"
"2026-02-18","EUR","GBP","1.164564"
"2026-02-18","JPY","GBP","189.424428"
"2026-02-18","CHF","GBP","1.118933"
"2026-02-19","GBP","GBP","1.006661"
"2026-02-19","USD","GBP","1.290299"
"2026-02-19","EUR","GBP","1.180082"
"2026-02-19","JPY","GBP","191.302155"
"2026-02-19","CHF","GBP","1.099981"
"2026-02-20","GBP","GBP","0.982634"
"2026-02-20","USD","GBP","1.248071"
"2026-02-20","EUR","GBP","1.152641"
"2026-02-20","JPY","GBP","189.151126"
"2026-02-20","CHF","GBP","1.119011"
"2026-02-21","GBP","GBP","1.010239"
"2026-02-21","USD","GBP","1.25455"
"2026-02-21","EUR","GBP","1.160936"
"2026-02-21","JPY","GBP","186.733572"
"2026-02-21","CHF","GBP","1.090424"
"2026-02-22","GBP","GBP","0.995235"
"2026-02-22","USD","GBP","1.266316"
"2026-02-22","EUR","GBP","1.162416"
"2026-02-22","JPY","GBP","193.011804"
"2026-02-22","CHF","GBP","1.090029"
"2026-02-23","GBP","GBP","0.986766"
"2026-02-23","USD","GBP","1.260613"
"2026-02-23","EUR","GBP","1.147952"
"2026-02-23","JPY","GBP","189.318492"
"2026-02-23","CHF","GBP","1.090465"
"2026-02-24","GBP","GBP","1.009457"
"2026-02-24","USD","GBP","1.290998"
"2026-02-24","EUR","GBP","1.154575"
"2026-02-24","JPY","GBP","189.616429"
"2026-02-24","CHF","GBP","1.092187"
"2026-02-25","GBP","GBP","0.98849"
"2026-02-25","USD","GBP","1.275363"
"2026-02-25","EUR","GBP","1.16829"
"2026-02-25","JPY","GBP","189.450523"
"2026-02-25","CHF","GBP","1.09668"
"2026-02-26","GBP","GBP","0.987388"
"2026-02-26","USD","GBP","1.283516"
"2026-02-26","EUR","GBP","1.157206"
"2026-02-26","JPY","GBP","188.641698"
"2026-02-26","CHF","GBP","1.114104"
"2026-02-27","GBP","GBP","1.007786"
"2026-02-27","USD","GBP","1.287085"
"2026-02-27","EUR","GBP","1.159879"
"2026-02-27","JPY","GBP","190.977683"
"2026-02-27","CHF","GBP","1.087609"
"2026-02-28","GBP","GBP","0.997003"
"2026-02-28","USD","GBP","1.293399"
"2026-02-28","EUR","GBP","1.165122"
"2026-02-28","JPY","GBP","187.551489"
"2026-02-28","CHF","GBP","1.102015"
"2026-03-01","GBP","GBP","1.000195"
"2026-03-01","USD","GBP","1.254512"
"2026-03-01","EUR","GBP","1.169418"
"2026-03-01","JPY","GBP","187.346664"
"2026-03-01","CHF","GBP","1.111491"
"2026-03-02","GBP","GBP","0.994052"
"2026-03-02","USD","GBP","1.288831"
"2026-03-02","EUR","GBP","1.160879"
"2026-03-02","JPY","GBP","189.149169"
"2026-03-02","CHF","GBP","1.111578"
"2026-03-03","GBP","GBP","0.9861"
"2026-03-03","USD","GBP","1.290215"
"2026-03-03","EUR","GBP","1.178403"
"2026-03-03","JPY","GBP","186.700684"
"2026-03-03","CHF","GBP","1.109672"
"2026-03-04","GBP","GBP","0.986015"
"2026-03-04","USD","GBP","1.281806"
"2026-03-04","EUR","GBP","1.187719"
"2026-03-04","JPY","GBP","191.107078"
"2026-03-04","CHF","GBP","1.082297"
"2026-03-05","GBP","GBP","1.004593"
"2026-03-05","USD","GBP","1.254803"
"2026-03-05","EUR","GBP","1.14738"
"2026-03-05","JPY","GBP","186.775743"
"2026-03-05","CHF","GBP","1.103465"
"2026-03-06","GBP","GBP","0.993313"
"2026-03-06","USD","GBP","1.246199"
"2026-03-06","EUR","GBP","1.165332"
"2026-03-06","JPY","GBP","187.658812"
"2026-03-06","CHF","GBP","1.115762"
"2026-03-07","GBP","GBP","1.011033"
"2026-03-07","USD","GBP","1.270893"
"2026-03-07","EUR","GBP","1.193053"
"2026-03-07","JPY","GBP","193.068369"
"2026-03-07","CHF","GBP","1.113972"
"2026-03-08","GBP","GBP","0.980685"
"2026-03-08","USD","GBP","1.250595"
"2026-03-08","EUR","GBP","1.161229"
"2026-03-08","JPY","GBP","191.265701"
"2026-03-08","CHF","GBP","1.081223"
"2026-03-09","GBP","GBP","0.99256"
"2026-03-09","USD","GBP","1.268016"
"2026-03-09","EUR","GBP","1.185845"
"2026-03-09","JPY","GBP","190.441815"
"2026-03-09","CHF","GBP","1.107394"
"2026-03-10","GBP","GBP","1.011869"
"2026-03-10","USD","GBP","1.252563"
"2026-03-10","EUR","GBP","1.156796"
"2026-03-10","JPY","GBP","193.107005"
"2026-03-10","CHF","GBP","1.080992"
"2026-03-11","GBP","GBP","1.007706"
"2026-03-11","USD","GBP","1.248765"
"2026-03-11","EUR","GBP","1.181705"
"2026-03-11","JPY","GBP","186.809274"
"2026-03-11","CHF","GBP","1.118963"
"2026-03-12","GBP","GBP","0.992161"
"2026-03-12","USD","GBP","1.253665"
"2026-03-12","EUR","GBP","1.165872"
"2026-03-12","JPY","GBP","190.548212"
"2026-03-12","CHF","GBP","1.096847"
"2026-03-13","GBP","GBP","0.992793"
"2026-03-13","USD","GBP","1.268498"
"2026-03-13","EUR","GBP","1.151896"
"2026-03-13","JPY","GBP","190.226708"
"2026-03-13","CHF","GBP","1.121442"
"2026-03-14","GBP","GBP","1.005397"
"2026-03-14","USD","GBP","1.290592"
"2026-03-14","EUR","GBP","1.182909"
"2026-03-14","JPY","GBP","188.087281"
"2026-03-14","CHF","GBP","1.108919"
"2026-03-15","GBP","GBP","0.981295"
"2026-03-15","USD","GBP","1.265927"
"2026-03-15","EUR","GBP","1.156525"
"2026-03-15","JPY","GBP","190.550462"
"2026-03-15","CHF","GBP","1.112481"
"2026-03-16","GBP","GBP","0.986155"
"2026-03-16","USD","GBP","1.263004"
"2026-03-16","EUR","GBP","1.16806"
"2026-03-16","JPY","GBP","189.298637"
"2026-03-16","CHF","GBP","1.112409"
"2026-03-17","GBP","GBP","0.987043"
"2026-03-17","USD","GBP","1.285932"
"2026-03-17","EUR","GBP","1.169599"
"2026-03-17","JPY","GBP","187.142068"
"2026-03-17","CHF","GBP","1.085285"
"2026-03-18","GBP","GBP","1.007753"
"2026-03-18","USD","GBP","1.283588"
"2026-03-18","EUR","GBP","1.189301"
"2026-03-18","JPY","GBP","193.592985"
"2026-03-18","CHF","GBP","1.100595"
"2026-03-19","GBP","GBP","1.013547"
"2026-03-19","USD","GBP","1.280476"
"2026-03-19","EUR","GBP","1.181253"
"2026-03-19","JPY","GBP","188.01038"
"2026-03-19","CHF","GBP","1.11115"
"2026-03-20","GBP","GBP","1.013743"
"2026-03-20","USD","GBP","1.262268"
"2026-03-20","EUR","GBP","1.161049"
"2026-03-20","JPY","GBP","190.53818"
"2026-03-20","CHF","GBP","1.079457"
"2026-03-21","GBP","GBP","1.015655"
"2026-03-21","USD","GBP","1.263951"
"2026-03-21","EUR","GBP","1.191974"
"2026-03-21","JPY","GBP","187.766452"
"2026-03-21","CHF","GBP","1.079567"
"2026-03-22","GBP","GBP","0.990913"
"2026-03-22","USD","GBP","1.288792"
"2026-03-22","EUR","GBP","1.154915"
"2026-03-22","JPY","GBP","188.453514"
"2026-03-22","CHF","GBP","1.112192"
"2026-03-23","GBP","GBP","1.01767"
"2026-03-23","USD","GBP","1.281171"
"2026-03-23","EUR","GBP","1.146791"
"2026-03-23","JPY","GBP","192.20485"
"2026-03-23","CHF","GBP","1.089099"
"2026-03-24","GBP","GBP","1.000248"
"2026-03-24","USD","GBP","1.294333"
"2026-03-24","EUR","GBP","1.192895"
"2026-03-24","JPY","GBP","188.968469"
"2026-03-24","CHF","GBP","1.090914"
"2026-03-25","GBP","GBP","1.014698"
"2026-03-25","USD","GBP","1.295041"
"2026-03-25","EUR","GBP","1.184184"
"2026-03-25","JPY","GBP","191.784435"
"2026-03-25","CHF","GBP","1.116017"
"2026-03-26","GBP","GBP","0.993046"
"2026-03-26","USD","GBP","1.279113"
"2026-03-26","EUR","GBP","1.192177"
"2026-03-26","JPY","GBP","192.424496"
"2026-03-26","CHF","GBP","1.119364"
"2026-03-27","GBP","GBP","1.012244"
"2026-03-27","USD","GBP","1.24732"
"2026-03-27","EUR","GBP","1.188146"
"2026-03-27","JPY","GBP","189.046918"
"2026-03-27","CHF","GBP","1.117188"
"2026-03-28","GBP","GBP","1.011806"
"2026-03-28","USD","GBP","1.28748"
"2026-03-28","EUR","GBP","1.159953"
"2026-03-28","JPY","GBP","186.871318"
"2026-03-28","CHF","GBP","1.11728"
"2026-03-29","GBP","GBP","1.012956"
"2026-03-29","USD","GBP","1.274562"
"2026-03-29","EUR","GBP","1.175424"
"2026-03-29","JPY","GBP","187.687072"
"2026-03-29","CHF","GBP","1.103159"
"2026-03-30","GBP","GBP","0.984751"
"2026-03-30","USD","GBP","1.280268"
"2026-03-30","EUR","GBP","1.191076"
"2026-03-30","JPY","GBP","193.693261"
"2026-03-30","CHF","GBP","1.088877"
"2026-03-31","GBP","GBP","1.014583"
"2026-03-31","USD","GBP","1.262816"
"2026-03-31","EUR","GBP","1.190801"
"2026-03-31","JPY","GBP","188.307626"
"2026-03-31","CHF","GBP","1.08529"
"2026-04-01","GBP","GBP","1.015938"
"2026-04-01","USD","GBP","1.273955"
"2026-04-01","EUR","GBP","1.157586"
"2026-04-01","JPY","GBP","188.799852"
"2026-04-01","CHF","GBP","1.109217"
"2026-04-02","GBP","GBP","1.003738"
"2026-04-02","USD","GBP","1.290119"
"2026-04-02","EUR","GBP","1.163385"
"2026-04-02","JPY","GBP","188.90888"
"2026-04-02","CHF","GBP","1.120724"
"2026-04-03","GBP","GBP","1.015528"
"2026-04-03","USD","GBP","1.286875"
"2026-04-03","EUR","GBP","1.17606"
"2026-04-03","JPY","GBP","193.035958"
"2026-04-03","CHF","GBP","1.098112"
"2026-04-04","GBP","GBP","1.006485"
"2026-04-04","USD","GBP","1.279839"
"2026-04-04","EUR","GBP","1.188761"
"2026-04-04","JPY","GBP","189.783744"
"2026-04-04","CHF","GBP","1.098662"
"2026-04-05","GBP","GBP","0.991106"
"2026-04-05","USD","GBP","1.263753"
"2026-04-05","EUR","GBP","1.175026"
"2026-04-05","JPY","GBP","187.438813"
"2026-04-05","CHF","GBP","1.110791"
"2026-04-06","GBP","GBP","1.004961"
"2026-04-06","USD","GBP","1.281636"
"2026-04-06","EUR","GBP","1.192834"
"2026-04-06","JPY","GBP","190.545683"
"2026-04-06","CHF","GBP","1.081323"
"2026-04-07","GBP","GBP","0.9979"
"2026-04-07","USD","GBP","1.250141"
"2026-04-07","EUR","GBP","1.175167"
"2026-04-07","JPY","GBP","187.787804"
"2026-04-07","CHF","GBP","1.121657"
"2026-04-08","GBP","GBP","0.988692"
"2026-04-08","USD","GBP","1.275555"
"2026-04-08","EUR","GBP","1.190744"
"2026-04-08","JPY","GBP","189.079315"
"2026-04-08","CHF","GBP","1.091168"
"2026-04-09","GBP","GBP","1.017114"
"2026-04-09","USD","GBP","1.256342"
"2026-04-09","EUR","GBP","1.158743"
"2026-04-09","JPY","GBP","187.907435"
"2026-04-09","CHF","GBP","1.108078"
"2026-04-10","GBP","GBP","0.991464"
"2026-04-10","USD","GBP","1.24829"
"2026-04-10","EUR","GBP","1.14898"
"2026-04-10","JPY","GBP","190.219343"
"2026-04-10","CHF","GBP","1.103744"
"2026-04-11","GBP","GBP","0.986836"
"2026-04-11","USD","GBP","1.267852"
"2026-04-11","EUR","GBP","1.168733"
"2026-04-11","JPY","GBP","192.338764"
"2026-04-11","CHF","GBP","1.117073"
"2026-04-12","GBP","GBP","1.000856"
"2026-04-12","USD","GBP","1.293899"
"2026-04-12","EUR","GBP","1.149957"
"2026-04-12","JPY","GBP","190.735932"
"2026-04-12","CHF","GBP","1.08176"
"2026-04-13","GBP","GBP","1.014576"
"2026-04-13","USD","GBP","1.290733"
"2026-04-13","EUR","GBP","1.183425"
"2026-04-13","JPY","GBP","188.334971"
"2026-04-13","CHF","GBP","1.101034"
"2026-04-14","GBP","GBP","1.011165"
"2026-04-14","USD","GBP","1.255866"
"2026-04-14","EUR","GBP","1.166283"
"2026-04-14","JPY","GBP","193.095249"
"2026-04-14","CHF","GBP","1.088551"
"2026-04-15","GBP","GBP","0.982111"
"2026-04-15","USD","GBP","1.282722"
"2026-04-15","EUR","GBP","1.17103"
"2026-04-15","JPY","GBP","187.509209"
"2026-04-15","CHF","GBP","1.101836"
"2026-04-16","GBP","GBP","0.981861"
"2026-04-16","USD","GBP","1.250573"
"2026-04-16","EUR","GBP","1.164512"
"2026-04-16","JPY","GBP","189.843533"
"2026-04-16","CHF","GBP","1.098181"
"2026-04-17","GBP","GBP","1.002055"
"2026-04-17","USD","GBP","1.279052"
"2026-04-17","EUR","GBP","1.168084"
"2026-04-17","JPY","GBP","193.698978"
"2026-04-17","CHF","GBP","1.117803"
"2026-04-18","GBP","GBP","1.019592"
"2026-04-18","USD","GBP","1.276916"
"2026-04-18","EUR","GBP","1.184165"
"2026-04-18","JPY","GBP","188.638837"
"2026-04-18","CHF","GBP","1.098715"
"2026-04-19","GBP","GBP","0.989874"
"2026-04-19","USD","GBP","1.271911"
"2026-04-19","EUR","GBP","1.162812"
"2026-04-19","JPY","GBP","188.429871"
"2026-04-19","CHF","GBP","1.097135"
"2026-04-20","GBP","GBP","0.980789"
"2026-04-20","USD","GBP","1.267169"
"2026-04-20","EUR","GBP","1.192396"
"2026-04-20","JPY","GBP","191.528821"
"2026-04-20","CHF","GBP","1.117796"
"2026-04-21","GBP","GBP","0.982593"
"2026-04-21","USD","GBP","1.277725"
"2026-04-21","EUR","GBP","1.15332"
"2026-04-21","JPY","GBP","188.396936"
"2026-04-21","CHF","GBP","1.101422"
"2026-04-22","GBP","GBP","0.996819"
"2026-04-22","USD","GBP","1.292134"
"2026-04-22","EUR","GBP","1.160671"
"2026-04-22","JPY","GBP","188.221604"
"2026-04-22","CHF","GBP","1.115026"
"2026-04-23","GBP","GBP","0.996154"
"2026-04-23","USD","GBP","1.274456"
"2026-04-23","EUR","GBP","1.174321"
"2026-04-23","JPY","GBP","187.250142"
"2026-04-23","CHF","GBP","1.101499"
"2026-04-24","GBP","GBP","0.987448"
"2026-04-24","USD","GBP","1.267414"
"2026-04-24","EUR","GBP","1.184047"
"2026-04-24","JPY","GBP","189.059869"
"2026-04-24","CHF","GBP","1.101483"
"2026-04-25","GBP","GBP","0.98572"
"2026-04-25","USD","GBP","1.26589"
"2026-04-25","EUR","GBP","1.151265"
"2026-04-25","JPY","GBP","189.517252"
"2026-04-25","CHF","GBP","1.121689"
"2026-04-26","GBP","GBP","1.000607"
"2026-04-26","USD","GBP","1.265125"
"2026-04-26","EUR","GBP","1.157299"
"2026-04-26","JPY","GBP","191.804072"
"2026-04-26","CHF","GBP","1.100969"
"2026-04-27","GBP","GBP","1.00409"
"2026-04-27","USD","GBP","1.251662"
"2026-04-27","EUR","GBP","1.178498"
"2026-04-27","JPY","GBP","190.569687"
"2026-04-27","CHF","GBP","1.095329"
"2026-04-28","GBP","GBP","1.015973"
"2026-04-28","USD","GBP","1.271757"
"2026-04-28","EUR","GBP","1.154555"
"2026-04-28","JPY","GBP","189.653347"
"2026-04-28","CHF","GBP","1.099303"
"2026-04-29","GBP","GBP","0.982164"
"2026-04-29","USD","GBP","1.261642"
"2026-04-29","EUR","GBP","1.171716"
"2026-04-29","JPY","GBP","189.843386"
"2026-04-29","CHF","GBP","1.080946"
"2026-04-30","GBP","GBP","1.006365"
"2026-04-30","USD","GBP","1.29262"
"2026-04-30","EUR","GBP","1.156345"
"2026-04-30","JPY","GBP","191.970937"
"2026-04-30","CHF","GBP","1.088942"
"2026-05-01","GBP","GBP","1.002825"
"2026-05-01","USD","GBP","1.277321"
"2026-05-01","EUR","GBP","1.174785"
"2026-05-01","JPY","GBP","187.472604"
"2026-05-01","CHF","GBP","1.111504"
"2026-05-02","GBP","GBP","1.005829"
"2026-05-02","USD","GBP","1.272662"
"2026-05-02","EUR","GBP","1.179693"
"2026-05-02","JPY","GBP","188.450596"
"2026-05-02","CHF","GBP","1.078755"
"2026-05-03","GBP","GBP","0.980657"
"2026-05-03","USD","GBP","1.28052"
"2026-05-03","EUR","GBP","1.172962"
"2026-05-03","JPY","GBP","191.854295"
"2026-05-03","CHF","GBP","1.088528"
"2026-05-04","GBP","GBP","0.990593"
"2026-05-04","USD","GBP","1.290632"
"2026-05-04","EUR","GBP","1.147413"
"2026-05-04","JPY","GBP","191.857021"
"2026-05-04","CHF","GBP","1.105929"
"2026-05-05","GBP","GBP","1.006065"
"2026-05-05","USD","GBP","1.258779"
"2026-05-05","EUR","GBP","1.162782"
"2026-05-05","JPY","GBP","192.980284"
"2026-05-05","CHF","GBP","1.099103"
"2026-05-06","GBP","GBP","1.012301"
"2026-05-06","USD","GBP","1.289427"
"2026-05-06","EUR","GBP","1.175629"
"2026-05-06","JPY","GBP","189.00843"
"2026-05-06","CHF","GBP","1.092687"
"2026-05-07","GBP","GBP","1.002795"
"2026-05-07","USD","GBP","1.254546"
"2026-05-07","EUR","GBP","1.168562"
"2026-05-07","JPY","GBP","189.914114"
"2026-05-07","CHF","GBP","1.119861"
"2026-05-08","GBP","GBP","1.018325"
"2026-05-08","USD","GBP","1.271868"
"2026-05-08","EUR","GBP","1.170661"
"2026-05-08","JPY","GBP","192.382599"
"2026-05-08","CHF","GBP","1.110917"
"2026-05-09","GBP","GBP","0.993877"
"2026-05-09","USD","GBP","1.286636"
"2026-05-09","EUR","GBP","1.187496"
"2026-05-09","JPY","GBP","189.522961"
"2026-05-09","CHF","GBP","1.09858"
"2026-05-10","GBP","GBP","0.99388"
"2026-05-10","USD","GBP","1.283828"
"2026-05-10","EUR","GBP","1.183698"
"2026-05-10","JPY","GBP","188.024965"
"2026-05-10","CHF","GBP","1.113294"
"2026-05-11","GBP","GBP","1.01012"
"2026-05-11","USD","GBP","1.291738"
"2026-05-11","EUR","GBP","1.16831"
"2026-05-11","JPY","GBP","187.146802"
"2026-05-11","CHF","GBP","1.104271"
"2026-05-12","GBP","GBP","0.991661"
"2026-05-12","USD","GBP","1.259756"
"2026-05-12","EUR","GBP","1.179833"
"2026-05-12","JPY","GBP","191.427462"
"2026-05-12","CHF","GBP","1.119974"
"2026-05-13","GBP","GBP","1.010532"
"2026-05-13","USD","GBP","1.291952"
"2026-05-13","EUR","GBP","1.162399"
"2026-05-13","JPY","GBP","193.513683"
"2026-05-13","CHF","GBP","1.09768"
"2026-05-14","GBP","GBP","1.012826"
"2026-05-14","USD","GBP","1.256681"
"2026-05-14","EUR","GBP","1.150091"
"2026-05-14","JPY","GBP","192.223778"
"2026-05-14","CHF","GBP","1.09037"
"2026-05-15","GBP","GBP","1.009122"
"2026-05-15","USD","GBP","1.264514"
"2026-05-15","EUR","GBP","1.156141"
"2026-05-15","JPY","GBP","193.771444"
"2026-05-15","CHF","GBP","1.090665"
"2026-05-16","GBP","GBP","1.012966"
"2026-05-16","USD","GBP","1.265187"
"2026-05-16","EUR","GBP","1.189119"
"2026-05-16","JPY","GBP","189.425619"
"2026-05-16","CHF","GBP","1.083835"
"2026-05-17","GBP","GBP","0.981413"
"2026-05-17","USD","GBP","1.249158"
"2026-05-17","EUR","GBP","1.164391"
"2026-05-17","JPY","GBP","190.512214"
"2026-05-17","CHF","GBP","1.103556"
"2026-05-18","GBP","GBP","1.005678"
"2026-05-18","USD","GBP","1.281781"
"2026-05-18","EUR","GBP","1.162732"
"2026-05-18","JPY","GBP","192.976442"
"2026-05-18","CHF","GBP","1.107034"
"2026-05-19","GBP","GBP","1.006391"
"2026-05-19","USD","GBP","1.286595"
"2026-05-19","EUR","GBP","1.185271"
"2026-05-19","JPY","GBP","192.732618"
"2026-05-19","CHF","GBP","1.121331"
"2026-05-20","GBP","GBP","0.996592"
"2026-05-20","USD","GBP","1.269486"
"2026-05-20","EUR","GBP","1.189259"
"2026-05-20","JPY","GBP","193.723656"
"2026-05-20","CHF","GBP","1.106471"
"2026-05-21","GBP","GBP","0.984367"
"2026-05-21","USD","GBP","1.280039"
"2026-05-21","EUR","GBP","1.146604"
"2026-05-21","JPY","GBP","193.488256"
"2026-05-21","CHF","GBP","1.08126"
"2026-05-22","GBP","GBP","0.994439"
"2026-05-22","USD","GBP","1.281382"
"2026-05-22","EUR","GBP","1.168486"
"2026-05-22","JPY","GBP","192.559254"
"2026-05-22","CHF","GBP","1.112009"
"2026-05-23","GBP","GBP","1.015451"
"2026-05-23","USD","GBP","1.264403"
"2026-05-23","EUR","GBP","1.15997"
"2026-05-23","JPY","GBP","190.419514"
"2026-05-23","CHF","GBP","1.11842"
"2026-05-24","GBP","GBP","1.006943"
"2026-05-24","USD","GBP","1.27264"
"2026-05-24","EUR","GBP","1.182645"
"2026-05-24","JPY","GBP","189.099544"
"2026-05-24","CHF","GBP","1.113434"
"2026-05-25","GBP","GBP","0.983549"
"2026-05-25","USD","GBP","1.28997"
"2026-05-25","EUR","GBP","1.155162"
"2026-05-25","JPY","GBP","187.208855"
"2026-05-25","CHF","GBP","1.105341"
"2026-05-26","GBP","GBP","1.016055"
"2026-05-26","USD","GBP","1.273338"
"2026-05-26","EUR","GBP","1.162714"
"2026-05-26","JPY","GBP","186.287007"
"2026-05-26","CHF","GBP","1.116413"
"2026-05-27","GBP","GBP","0.99337"
"2026-05-27","USD","GBP","1.269682"
"2026-05-27","EUR","GBP","1.18959"
"2026-05-27","JPY","GBP","192.107837"
"2026-05-27","CHF","GBP","1.079031"
"2026-05-28","GBP","GBP","0.993508"
"2026-05-28","USD","GBP","1.249154"
"2026-05-28","EUR","GBP","1.166311"
"2026-05-28","JPY","GBP","189.949129"
"2026-05-28","CHF","GBP","1.087672"
"2026-05-29","GBP","GBP","1.016716"
"2026-05-29","USD","GBP","1.258025"
"2026-05-29","EUR","GBP","1.170372"
"2026-05-29","JPY","GBP","187.102239"
"2026-05-29","CHF","GBP","1.112038"
"2026-05-30","GBP","GBP","0.990798"
"2026-05-30","USD","GBP","1.272082"
"2026-05-30","EUR","GBP","1.159288"
"2026-05-30","JPY","GBP","193.351045"
"2026-05-30","CHF","GBP","1.091694"
"2026-05-31","GBP","GBP","1.014513"
"2026-05-31","USD","GBP","1.281161"
"2026-05-31","EUR","GBP","1.171404"
"2026-05-31","JPY","GBP","187.603251"
"2026-05-31","CHF","GBP","1.102567"
"2026-06-01","GBP","GBP","0.988643"
"2026-06-01","USD","GBP","1.270745"
"2026-06-01","EUR","GBP","1.187192"
"2026-06-01","JPY","GBP","188.765758"
"2026-06-01","CHF","GBP","1.085599"
"2026-06-02","GBP","GBP","1.011811"
"2026-06-02","USD","GBP","1.263891"
"2026-06-02","EUR","GBP","1.16795"
"2026-06-02","JPY","GBP","193.524196"
"2026-06-02","CHF","GBP","1.097302"
"2026-06-03","GBP","GBP","0.995702"
"2026-06-03","USD","GBP","1.268539"
"2026-06-03","EUR","GBP","1.17039"
"2026-06-03","JPY","GBP","190.241378"
"2026-06-03","CHF","GBP","1.103561"
"2026-06-04","GBP","GBP","1.003357"
"2026-06-04","USD","GBP","1.251244"
"2026-06-04","EUR","GBP","1.159558"
"2026-06-04","JPY","GBP","187.428908"
"2026-06-04","CHF","GBP","1.117046"
"2026-06-05","GBP","GBP","1.012979"
"2026-06-05","USD","GBP","1.264166"
"2026-06-05","EUR","GBP","1.149606"
"2026-06-05","JPY","GBP","188.929586"
"2026-06-05","CHF","GBP","1.093463"
"2026-06-06","GBP","GBP","0.994416"
"2026-06-06","USD","GBP","1.259566"
"2026-06-06","EUR","GBP","1.165478"
"2026-06-06","JPY","GBP","191.521741"
"2026-06-06","CHF","GBP","1.078449"
"2026-06-07","GBP","GBP","1.004582"
"2026-06-07","USD","GBP","1.293557"
"2026-06-07","EUR","GBP","1.180948"
"2026-06-07","JPY","GBP","187.864428"
"2026-06-07","CHF","GBP","1.113524"
"2026-06-08","GBP","GBP","1.012921"
"2026-06-08","USD","GBP","1.255893"
"2026-06-08","EUR","GBP","1.150511"
"2026-06-08","JPY","GBP","188.636515"
"2026-06-08","CHF","GBP","1.09668"
"2026-06-09","GBP","GBP","1.001527"
"2026-06-09","USD","GBP","1.28565"
"2026-06-09","EUR","GBP","1.172071"
"2026-06-09","JPY","GBP","191.368329"
"2026-06-09","CHF","GBP","1.094766"
"2026-06-10","GBP","GBP","1.011948"
"2026-06-10","USD","GBP","1.246258"
"2026-06-10","EUR","GBP","1.181201"
"2026-06-10","JPY","GBP","188.936017"
"2026-06-10","CHF","GBP","1.110001"
"2026-06-11","GBP","GBP","1.009282"
"2026-06-11","USD","GBP","1.267095"
"2026-06-11","EUR","GBP","1.163837"
"2026-06-11","JPY","GBP","188.458949"
"2026-06-11","CHF","GBP","1.110291"
"2026-06-12","GBP","GBP","1.013236"
"2026-06-12","USD","GBP","1.267482"
"2026-06-12","EUR","GBP","1.170383"
"2026-06-12","JPY","GBP","193.694832"
"2026-06-12","CHF","GBP","1.113742"
"2026-06-13","GBP","GBP","1.000027"
"2026-06-13","USD","GBP","1.294199"
"2026-06-13","EUR","GBP","1.181979"
"2026-06-13","JPY","GBP","193.446679"
"2026-06-13","CHF","GBP","1.114262"
"2026-06-14","GBP","GBP","0.997152"
"2026-06-14","USD","GBP","1.282055"
"2026-06-14","EUR","GBP","1.160141"
"2026-06-14","JPY","GBP","191.705373"
"2026-06-14","CHF","GBP","1.111347"
"2026-06-15","GBP","GBP","0.994465"
"2026-06-15","USD","GBP","1.246999"
"2026-06-15","EUR","GBP","1.191354"
"2026-06-15","JPY","GBP","191.802423"
"2026-06-15","CHF","GBP","1.093367"
"2026-06-16","GBP","GBP","0.980656"
"2026-06-16","USD","GBP","1.287319"
"2026-06-16","EUR","GBP","1.16458"
"2026-06-16","JPY","GBP","193.633612"
"2026-06-16","CHF","GBP","1.10232"
"2026-06-17","GBP","GBP","0.99311"
"2026-06-17","USD","GBP","1.272807"
"2026-06-17","EUR","GBP","1.14863"
"2026-06-17","JPY","GBP","193.594326"
"2026-06-17","CHF","GBP","1.090239"
"2026-06-18","GBP","GBP","0.986869"
"2026-06-18","USD","GBP","1.274847"
"2026-06-18","EUR","GBP","1.167038"
"2026-06-18","JPY","GBP","189.886976"
"2026-06-18","CHF","GBP","1.120964"
"2026-06-19","GBP","GBP","0.994904"
"2026-06-19","USD","GBP","1.280877"
"2026-06-19","EUR","GBP","1.151159"
"2026-06-19","JPY","GBP","190.062903"
"2026-06-19","CHF","GBP","1.11865"
"2026-06-20","GBP","GBP","1.002472"
"2026-06-20","USD","GBP","1.247247"
"2026-06-20","EUR","GBP","1.174246"
"2026-06-20","JPY","GBP","192.704967"
"2026-06-20","CHF","GBP","1.119898"
"2026-06-21","GBP","GBP","0.982456"
"2026-06-21","USD","GBP","1.28236"
"2026-06-21","EUR","GBP","1.1473"
"2026-06-21","JPY","GBP","190.77607"
"2026-06-21","CHF","GBP","1.094089"
"2026-06-22","GBP","GBP","1.007392"
"2026-06-22","USD","GBP","1.269316"
"2026-06-22","EUR","GBP","1.176138"
"2026-06-22","JPY","GBP","193.404712"
"2026-06-22","CHF","GBP","1.109569"
"2026-06-23","GBP","GBP","1.0196"
"2026-06-23","USD","GBP","1.247965"
"2026-06-23","EUR","GBP","1.171408"
"2026-06-23","JPY","GBP","189.49404"
"2026-06-23","CHF","GBP","1.099321"
"2026-06-24","GBP","GBP","1.017817"
"2026-06-24","USD","GBP","1.291995"
"2026-06-24","EUR","GBP","1.183246"
"2026-06-24","JPY","GBP","191.332648"
"2026-06-24","CHF","GBP","1.106706"
"2026-06-25","GBP","GBP","1.013336"
"2026-06-25","USD","GBP","1.25987"
"2026-06-25","EUR","GBP","1.184237"
"2026-06-25","JPY","GBP","191.884261"
"2026-06-25","CHF","GBP","1.094953"
"2026-06-26","GBP","GBP","1.0059"
"2026-06-26","USD","GBP","1.292851"
"2026-06-26","EUR","GBP","1.167567"
"2026-06-26","JPY","GBP","192.381144"
"2026-06-26","CHF","GBP","1.112647"
"2026-06-27","GBP","GBP","1.018572"
"2026-06-27","USD","GBP","1.257309"
"2026-06-27","EUR","GBP","1.171323"
"2026-06-27","JPY","GBP","186.396608"
"2026-06-27","CHF","GBP","1.099619"
"2026-06-28","GBP","GBP","1.003377"
"2026-06-28","USD","GBP","1.272047"
"2026-06-28","EUR","GBP","1.167251"
"2026-06-28","JPY","GBP","190.815242"
"2026-06-28","CHF","GBP","1.104107"
"2026-06-29","GBP","GBP","1.007408"
"2026-06-29","USD","GBP","1.293585"
"2026-06-29","EUR","GBP","1.169472"
"2026-06-29","JPY","GBP","192.034143"
"2026-06-29","CHF","GBP","1.121405"
"2026-06-30","GBP","GBP","0.992254"
"2026-06-30","USD","GBP","1.253949"
"2026-06-30","EUR","GBP","1.177674"
"2026-06-30","JPY","GBP","186.380179"
"2026-06-30","CHF","GBP","1.12105"
"2026-07-01","GBP","GBP","1.005153"
"2026-07-01","USD","GBP","1.258269"
"2026-07-01","EUR","GBP","1.18944"
"2026-07-01","JPY","GBP","187.74671"
"2026-07-01","CHF","GBP","1.083229"
"2026-07-02","GBP","GBP","1.010432"
"2026-07-02","USD","GBP","1.292307"
"2026-07-02","EUR","GBP","1.159097"
"2026-07-02","JPY","GBP","187.847894"
"2026-07-02","CHF","GBP","1.109599"
"2026-07-03","GBP","GBP","1.0094"
"2026-07-03","USD","GBP","1.246557"
"2026-07-03","EUR","GBP","1.184875"
"2026-07-03","JPY","GBP","187.420226"
"2026-07-03","CHF","GBP","1.11114"
"2026-07-04","GBP","GBP","1.009592"
"2026-07-04","USD","GBP","1.271929"
"2026-07-04","EUR","GBP","1.170197"
"2026-07-04","JPY","GBP","193.359898"
"2026-07-04","CHF","GBP","1.117606"
"2026-07-05","GBP","GBP","0.996205"
"2026-07-05","USD","GBP","1.269579"
"2026-07-05","EUR","GBP","1.154826"
"2026-07-05","JPY","GBP","186.823181"
"2026-07-05","CHF","GBP","1.120557"
"2026-07-06","GBP","GBP","1.014765"
"2026-07-06","USD","GBP","1.285843"
"2026-07-06","EUR","GBP","1.148311"
"2026-07-06","JPY","GBP","191.987055"
"2026-07-06","CHF","GBP","1.081473"
"2026-07-07","GBP","GBP","0.998538"
"2026-07-07","USD","GBP","1.25912"
"2026-07-07","EUR","GBP","1.166457"
"2026-07-07","JPY","GBP","192.545154"
"2026-07-07","CHF","GBP","1.084978"
"2026-07-08","GBP","GBP","1.007809"
"2026-07-08","USD","GBP","1.261608"
"2026-07-08","EUR","GBP","1.161799"
"2026-07-08","JPY","GBP","193.093372"
"2026-07-08","CHF","GBP","1.110143"
"2026-07-09","GBP","GBP","1.005813"
"2026-07-09","USD","GBP","1.258482"
"2026-07-09","EUR","GBP","1.157104"
"2026-07-09","JPY","GBP","192.957181"
"2026-07-09","CHF","GBP","1.115768"
"2026-07-10","GBP","GBP","1.005867"
"2026-07-10","USD","GBP","1.252039"
"2026-07-10","EUR","GBP","1.161958"
"2026-07-10","JPY","GBP","186.309935"
"2026-07-10","CHF","GBP","1.088854"
"2026-07-11","GBP","GBP","1.010735"
"2026-07-11","USD","GBP","1.279135"
"2026-07-11","EUR","GBP","1.180384"
"2026-07-11","JPY","GBP","187.139159"
"2026-07-11","CHF","GBP","1.103225"
"2026-07-12","GBP","GBP","0.985485"
"2026-07-12","USD","GBP","1.24934"
"2026-07-12","EUR","GBP","1.185603"
"2026-07-12","JPY","GBP","187.9959"
"2026-07-12","CHF","GBP","1.088988"
"2026-07-13","GBP","GBP","1.017958"
"2026-07-13","USD","GBP","1.29045"
"2026-07-13","EUR","GBP","1.170261"
"2026-07-13","JPY","GBP","187.248009"
"2026-07-13","CHF","GBP","1.089207"
"2026-07-14","GBP","GBP","0.997966"
"2026-07-14","USD","GBP","1.275802"
"2026-07-14","EUR","GBP","1.192602"
"2026-07-14","JPY","GBP","186.214877"
"2026-07-14","CHF","GBP","1.080551"
"2026-07-15","GBP","GBP","0.9962"
"2026-07-15","USD","GBP","1.255432"
"2026-07-15","EUR","GBP","1.174548"
"2026-07-15","JPY","GBP","187.807923"
"2026-07-15","CHF","GBP","1.089212"
"2026-07-16","GBP","GBP","0.985275"
"2026-07-16","USD","GBP","1.258177"
"2026-07-16","EUR","GBP","1.160016"
"2026-07-16","JPY","GBP","187.899661"
"2026-07-16","CHF","GBP","1.092104"
"2026-07-17","GBP","GBP","1.008907"
"2026-07-17","USD","GBP","1.269172"
"2026-07-17","EUR","GBP","1.147634"
"2026-07-17","JPY","GBP","190.11234"
"2026-07-17","CHF","GBP","1.091664"
"2026-07-18","GBP","GBP","1.011345"
"2026-07-18","USD","GBP","1.273248"
"2026-07-18","EUR","GBP","1.160674"
"2026-07-18","JPY","GBP","188.18819"
"2026-07-18","CHF","GBP","1.078945"
"2026-07-19","GBP","GBP","1.004076"
"2026-07-19","USD","GBP","1.270072"
"2026-07-19","EUR","GBP","1.15074"
"2026-07-19","JPY","GBP","191.195409"
"2026-07-19","CHF","GBP","1.112389"
"2026-07-20","GBP","GBP","1.009711"
"2026-07-20","USD","GBP","1.283599"
"2026-07-20","EUR","GBP","1.15065"
"2026-07-20","JPY","GBP","191.021434"
"2026-07-20","CHF","GBP","1.096005"
"2026-07-21","GBP","GBP","0.981298"
"2026-07-21","USD","GBP","1.252905"
"2026-07-21","EUR","GBP","1.161867"
"2026-07-21","JPY","GBP","193.469369"
"2026-07-21","CHF","GBP","1.115034"
"2026-07-22","GBP","GBP","1.002206"
"2026-07-22","USD","GBP","1.248798"
"2026-07-22","EUR","GBP","1.170483"
"2026-07-22","JPY","GBP","192.802612"
"2026-07-22","CHF","GBP","1.097423"
"2026-07-23","GBP","GBP","1.014794"
"2026-07-23","USD","GBP","1.285578"
"2026-07-23","EUR","GBP","1.175136"
"2026-07-23","JPY","GBP","193.15976"
"2026-07-23","CHF","GBP","1.10119"
"2026-07-24","GBP","GBP","0.99861"
"2026-07-24","USD","GBP","1.289328"
"2026-07-24","EUR","GBP","1.192969"
"2026-07-24","JPY","GBP","192.487793"
"2026-07-24","CHF","GBP","1.098727"
"2026-07-25","GBP","GBP","1.015408"
"2026-07-25","USD","GBP","1.260525"
"2026-07-25","EUR","GBP","1.180359"
"2026-07-25","JPY","GBP","193.651683"
"2026-07-25","CHF","GBP","1.098067"
"2026-07-26","GBP","GBP","1.016143"
"2026-07-26","USD","GBP","1.250938"
"2026-07-26","EUR","GBP","1.190587"
"2026-07-26","JPY","GBP","189.467924"
"2026-07-26","CHF","GBP","1.10053"
"2026-07-27","GBP","GBP","0.994566"
"2026-07-27","USD","GBP","1.253781"
"2026-07-27","EUR","GBP","1.177126"
"2026-07-27","JPY","GBP","192.389732"
"2026-07-27","CHF","GBP","1.090676"
"2026-07-28","GBP","GBP","1.002367"
"2026-07-28","USD","GBP","1.252601"
"2026-07-28","EUR","GBP","1.14967"
"2026-07-28","JPY","GBP","191.315621"
"2026-07-28","CHF","GBP","1.111237"
"2026-07-29","GBP","GBP","1.008039"
"2026-07-29","USD","GBP","1.247324"
"2026-07-29","EUR","GBP","1.166816"
"2026-07-29","JPY","GBP","192.433385"
"2026-07-29","CHF","GBP","1.084671"
"2026-07-30","GBP","GBP","1.01181"
"2026-07-30","USD","GBP","1.289897"
"2026-07-30","EUR","GBP","1.154682"
"2026-07-30","JPY","GBP","187.189782"
"2026-07-30","CHF","GBP","1.091919"
"2026-07-31","GBP","GBP","1.014492"
"2026-07-31","USD","GBP","1.284067"
"2026-07-31","EUR","GBP","1.158731"
"2026-07-31","JPY","GBP","187.441285"
"2026-07-31","CHF","GBP","1.101056"
