"invoice_id","customer_id","invoice_date","due_date","currency_code","amount","status"
"1","1040","2026-02-28","2026-04-26","CHF","15084.31","PAID"
"2","1178","2026-01-27","2026-06-25","USD","15846.57","OPEN"
"3","1126","2026-05-26","2026-03-03","USD","22813.53","OVERDUE"
"4","1122","2026-06-05","2026-01-21","JPY","23493.27","OVERDUE"
"5","1180","2026-06-02","2026-07-17","CHF","21133.57","PAID"
"6","1175","2026-02-04","2026-06-15","USD","776.75","OPEN"
"7","1024","2026-07-28","2026-04-11","JPY","6139.32","OVERDUE"
"8","1166","2026-05-23","2026-01-02","JPY","16050.36","PAID"
"9","1109","2026-04-06","2026-01-17","JPY","16194.19","OVERDUE"
"10","1081","2026-07-10","2026-04-08","EUR","813.29","OVERDUE"
"11","1105","2026-04-18","2026-07-25","EUR","7744.13","OVERDUE"
"12","1152","2026-05-13","2026-02-09","GBP","14588.88","OPEN"
"13","1010","2026-07-15","2026-02-24","CHF","15812.06","PAID"
"14","1144","2026-05-30","2026-05-08","EUR","4347.42","OPEN"
"15","1016","2026-01-03","2026-01-30","CHF","7313.2","PAID"
"16","1032","2026-01-08","2026-02-15","CHF","17977.82","OPEN"
"17","1166","2026-07-08","2026-05-29","EUR","2828.45","PAID"
"18","1196","2026-02-13","2026-05-02","EUR","23142.89","OPEN"
"19","1162","2026-03-19","2026-07-04","EUR","10809.98","OPEN"
"20","1123","2026-01-11","2026-02-13","CHF","19263","OVERDUE"
"21","1179","2026-01-09","2026-07-15","USD","19103.54","OPEN"
"22","1164","2026-07-10","2026-07-23","CHF","13506.73","PAID"
"23","1163","2026-04-30","2026-03-10","GBP","9173.53","OPEN"
"24","1135","2026-03-15","2026-04-13","JPY","12495.66","PAID"
"25","1170","2026-04-16","2026-06-01","EUR","3048.97","OPEN"
"26","1033","2026-05-18","2026-02-09","GBP","11633.59","OVERDUE"
"27","1094","2026-07-12","2026-05-22","CHF","22870.79","PAID"
"28","1097","2026-07-07","2026-05-23","JPY","14010.09","OPEN"
"29","1139","2026-04-04","2026-04-26","JPY","13308.87","PAID"
"30","1081","2026-02-22","2026-03-12","USD","17056.47","OVERDUE"
"31","1185","2026-01-29","2026-01-26","USD","724.23","PAID"
"32","1088","2026-06-22","2026-06-29","CHF","9317.52","PAID"
"33","1123","2026-01-09","2026-07-02","CHF","10206.64","OVERDUE"
"34","1041","2026-05-17","2026-03-17","EUR","21757.52","OPEN"
"35","1133","2026-03-13","2026-06-03","EUR","455.73","PAID"
"36","1151","2026-04-27","2026-02-18","JPY","4132.9","OPEN"
"37","1126","2026-05-29","2026-06-16","CHF","418.09","OPEN"
"38","1042","2026-04-11","2026-03-06","CHF","15395.01","OPEN"
"39","1099","2026-06-12","2026-07-15","USD","4324.42","PAID"
"40","1097","2026-01-26","2026-04-02","GBP","3572.37","OPEN"
"41","1098","2026-05-14","2026-02-15","JPY","19870.63","OVERDUE"
"42","1190","2026-05-01","2026-05-10","CHF","5627.93","PAID"
"43","1174","2026-03-31","2026-04-24","USD","6917.54","OVERDUE"
"44","1158","2026-03-06","2026-03-12","CHF","21424.14","OVERDUE"
"45","1117","2026-03-17","2026-06-26","GBP","11788.15","OVERDUE"
"46","1170","2026-01-20","2026-02-11","USD","23144.51","OVERDUE"
"47","1040","2026-03-08","2026-03-24","CHF","3293.63","OVERDUE"
"48","1140","2026-07-09","2026-05-18","USD","8365.95","OVERDUE"
"49","1065","2026-07-07","2026-07-25","CHF","15238.58","OVERDUE"
"50","1042","2026-06-14","2026-07-16","EUR","10927.03","PAID"
"51","1066","2026-03-13","2026-01-17","GBP","18251.15","OVERDUE"
"52","1005","2026-07-19","2026-06-29","GBP","17763.22","OPEN"
"53","1092","2026-02-09","2026-06-15","CHF","13265.06","OPEN"
"54","1041","2026-02-18","2026-03-08","GBP","528.98","OVERDUE"
"55","1108","2026-04-09","2026-03-21","EUR","4698.1","PAID"
"56","1112","2026-05-01","2026-02-13","USD","14942.79","OVERDUE"
"57","1190","2026-01-26","2026-07-26","JPY","3054.17","OVERDUE"
"58","1119","2026-02-01","2026-05-28","GBP","12033.76","OVERDUE"
"59","1022","2026-06-12","2026-06-30","GBP","12687.44","PAID"
"60","1096","2026-04-11","2026-04-14","EUR","15002.08","OVERDUE"
"61","1124","2026-05-02","2026-05-23","EUR","12947.66","OVERDUE"
"62","1021","2026-03-13","2026-05-03","JPY","4616.44","OVERDUE"
"63","1063","2026-05-24","2026-04-14","CHF","5928.54","OPEN"
"64","1162","2026-03-17","2026-02-07","USD","6202.05","PAID"
"65","1130","2026-04-13","2026-01-18","CHF","21967.34","OVERDUE"
"66","1116","2026-01-06","2026-05-10","CHF","21217.45","OPEN"
"67","1086","2026-02-27","2026-02-22","CHF","-21423.51","PAID"
"68","1160","2026-01-01","2026-05-17","CHF","12855.63","OPEN"
"69","1043","2026-04-16","2026-01-10","USD","11553.98","OPEN"
"70","1172","2026-04-16","2026-06-22","JPY","20044.62","PAID"
"71","1132","2026-07-05","2026-01-17","JPY","24264.09","PAID"
"72","1017","2026-07-16","2026-04-28","GBP","11093.59","PAID"
"73","1097","2026-04-03","2026-01-28","JPY","7692.05","PAID"
"74","1106","2026-05-01","2026-04-03","GBP","4032.5","OPEN"
"75","1155","2026-04-02","2026-01-17","CHF","13580.43","PAID"
"76","1026","2026-04-30","2026-01-17","CHF","10528.72","OPEN"
"77","1115","2026-04-14","2026-02-17","CHF","11050.22","PAID"
"78","1012","2026-05-25","2026-01-11","CHF","15237.24","OVERDUE"
"79","1062","2026-05-17","2026-06-08","USD","9599.56","OVERDUE"
"80","1099","2026-04-12","2026-02-07","CHF","20065.49","OVERDUE"
"81","1176","2026-01-12","2026-06-21","USD","17906.23","OVERDUE"
"82","1015","2026-02-14","2026-01-18","EUR","5882.75","OVERDUE"
"83","1151","2026-01-06","2026-07-27","JPY","5152.97","OPEN"
"84","1186","2026-03-11","2026-04-27","GBP","324.71","PAID"
"85","1002","2026-01-10","2026-01-24","JPY","20283.01","OVERDUE"
"86","1126","2026-02-20","2026-05-14","GBP","554.51","OPEN"
"87","1087","2026-05-21","2026-06-14","CHF","4453.45","PAID"
"88","1090","2026-02-11","2026-01-21","CHF","15241.16","OVERDUE"
"89","1146","2026-02-25","2026-02-23","GBP","13328.81","PAID"
"90","1033","2026-07-25","2026-07-21","GBP","21950.92","OPEN"
"91","1159","2026-03-16","2026-05-15","CHF","13045.75","OVERDUE"
"92","1135","2026-06-14","2026-02-02","GBP","14797.77","OPEN"
"93","1171","2026-01-04","2026-06-11","GBP","8422.56","PAID"
"94","1197","2026-03-21","2026-01-03","JPY","6030.94","OPEN"
"95","1139","2026-06-24","2026-07-16","EUR","4275.1","OPEN"
"96","1170","2026-04-08","2026-07-23","CHF","15495.73","OVERDUE"
"97","1098","2026-01-22","2026-01-09","USD","11567.97","PAID"
"98","1192","2026-02-09","2026-07-01","JPY","12559.63","OPEN"
"99","1196","2026-05-12","2026-02-04","EUR","5668.71","PAID"
"100","1191","2026-02-17","2026-05-13","GBP","5721.26","OVERDUE"
"101","1112","2026-06-19","2026-03-08","EUR","-22540.2","OVERDUE"
"102","1056","2026-07-26","2026-04-18","JPY","21103.63","OVERDUE"
"103","1128","2026-01-16","2026-06-01","CHF","23661.92","PAID"
"104","1169","2026-06-19","2026-03-13","EUR","21319.43","OPEN"
"105","1176","2026-03-30","2026-01-23","CHF","2096.64","PAID"
"106","1078","2026-04-25","2026-02-02","EUR","7929.95","PAID"
"107","1130","2026-05-19","2026-06-15","JPY","8015.84","OPEN"
"108","1031","2026-07-12","2026-03-07","USD","6031.04","OPEN"
"109","1000","2026-07-27","2026-01-06","EUR","3446.32","OVERDUE"
"110","1112","2026-03-27","2026-07-16","GBP","23892.2","PAID"
"111","1107","2026-04-30","2026-03-06","GBP","8697.41","PAID"
"112","1029","2026-04-28","2026-06-11","CHF","4377.97","OVERDUE"
"113","1102","2026-06-18","2026-04-18","EUR","5650.63","OPEN"
"114","1112","2026-01-27","2026-07-23","JPY","16886.44","PAID"
"115","1050","2026-07-01","2026-05-26","JPY","7420.42","OVERDUE"
"116","1069","2026-01-02","2026-03-07","EUR","1697.94","OVERDUE"
"117","1086","2026-02-26","2026-05-05","CHF","13258.11","OVERDUE"
"118","1122","2026-03-31","2026-04-20","EUR","17116.36","OVERDUE"
"119","1089","2026-03-14","2026-03-26","GBP","21563.65","OVERDUE"
"120","1140","2026-01-17","2026-03-07","CHF","2585.3","OPEN"
"121","1159","2026-02-12","2026-01-08","USD","2581.94","OPEN"
"122","1173","2026-03-21","2026-05-28","JPY","13425.51","PAID"
"123","1088","2026-02-05","2026-02-11","USD","1164.23","OPEN"
"124","1134","2026-07-12","2026-03-14","GBP","16206.77","PAID"
"125","1038","2026-03-01","2026-07-26","EUR","23814.47","PAID"
"126","1044","2026-04-13","2026-02-19","EUR","22112.11","OPEN"
"127","1195","2026-05-29","2026-04-25","USD","21071.06","OPEN"
"128","1183","2026-01-24","2026-06-04","CHF","6515.61","PAID"
"129","1058","2026-05-27","2026-01-29","JPY","6614.65","PAID"
"130","1018","2026-06-03","2026-01-12","GBP","10049.14","OPEN"
"131","1138","2026-07-23","2026-05-28","CHF","20692.8","OVERDUE"
"132","1041","2026-06-19","2026-06-23","USD","8117.28","OVERDUE"
"133","1033","2026-02-21","2026-05-11","GBP","11851.74","PAID"
"134","1159","2026-01-22","2026-06-21","JPY","17228.86","PAID"
"135","1197","2026-04-14","2026-02-20","CHF","22753.38","PAID"
"136","1030","2026-01-07","2026-01-18","JPY","1230.13","OVERDUE"
"137","1180","2026-03-08","2026-03-15","CHF","10807.27","OVERDUE"
"138","1096","2026-04-03","2026-07-09","EUR","9792.52","OPEN"
"139","1173","2026-07-08","2026-01-28","USD","7166.63","PAID"
"140","1063","2026-05-03","2026-04-11","USD","20608.74","PAID"
"141","1043","2026-04-24","2026-04-13","JPY","1640.59","OPEN"
"142","1158","2026-04-09","2026-07-01","EUR","21194.32","PAID"
"143","1009","2026-03-14","2026-03-18","USD","23698.78","OVERDUE"
"144","1028","2026-07-21","2026-03-02","EUR","8152.12","PAID"
"145","1149","2026-07-04","2026-05-13","EUR","21415.91","OPEN"
"146","1182","2026-03-29","2026-06-30","CHF","22696.89","PAID"
"147","1085","2026-02-28","2026-06-29","CHF","24959.48","OVERDUE"
"148","1047","2026-01-24","2026-07-26","JPY","18194.39","OVERDUE"
"149","1118","2026-02-11","2026-02-02","JPY","18235.52","OVERDUE"
"150","1119","2026-02-19","2026-01-03","GBP","8096.46","OPEN"
"151","1188","2026-04-18","2026-03-28","USD","5996.25","OPEN"
"152","1136","2026-04-04","2026-05-15","JPY","5481.33","OPEN"
"153","1153","2026-05-19","2026-06-27","EUR","7817.72","OPEN"
"154","1043","2026-05-29","2026-02-18","EUR","4901.98","OVERDUE"
"155","1008","2026-06-26","2026-05-29","CHF","728.59","PAID"
"156","1121","2026-04-30","2026-03-14","EUR","3144.89","PAID"
"157","1152","2026-04-21","2026-07-15","CHF","8907.56","OPEN"
"158","1117","2026-02-07","2026-05-09","CHF","13633.75","OPEN"
"159","1163","2026-02-08","2026-07-06","JPY","20728.43","OPEN"
"160","1122","2026-07-18","2026-07-09","JPY","22079.67","OPEN"
"161","1017","2026-04-16","2026-02-07","JPY","5156.7","OVERDUE"
"162","1036","2026-03-07","2026-05-04","JPY","10183.12","PAID"
"163","1132","2026-01-20","2026-07-26","EUR","237.32","OPEN"
"164","1077","2026-04-08","2026-06-12","USD","14730.78","PAID"
"165","1117","2026-01-06","2026-02-17","CHF","7072.48","PAID"
"166","1137","2026-04-01","2026-02-11","USD","16806.17","PAID"
"167","1176","2026-03-04","2026-07-28","JPY","6447.48","OVERDUE"
"168","1170","2026-07-15","2026-02-11","CHF","4308.16","PAID"
"169","1007","2026-03-28","2026-03-15","USD","9206.64","OPEN"
"170","1057","2026-03-18","2026-06-28","GBP","7777.08","PAID"
"171","1134","2026-06-15","2026-02-21","CHF","24273.92","OPEN"
"172","1033","2026-06-16","2026-05-10","EUR","4117.14","OPEN"
"173","1021","2026-01-07","2026-07-17","JPY","5075.36","OPEN"
"174","1003","2026-06-29","2026-06-27","USD","19626.65","OVERDUE"
"175","1188","2026-01-30","2026-05-01","EUR","967.93","OPEN"
"176","1028","2026-07-21","2026-01-05","USD","24457.2","OPEN"
"177","1126","2026-06-05","2026-06-14","GBP","5024.06","OPEN"
"178","1067","2026-07-13","2026-03-30","GBP","21439.87","OPEN"
"179","1188","2026-03-27","2026-05-02","USD","8230.06","OPEN"
"180","1130","2026-01-10","2026-01-11","CHF","23009.05","OPEN"
"181","1015","2026-07-12","2026-04-04","GBP","14095.25","PAID"
"182","1023","2026-01-14","2026-03-02","CHF","19427.4","OPEN"
"183","1045","2026-02-02","2026-04-19","GBP","10392.21","PAID"
"184","1110","2026-04-06","2026-07-10","GBP","13322.43","OPEN"
"185","1139","2026-06-03","2026-01-22","CHF","16019.1","OPEN"
"186","1001","2026-07-26","2026-07-16","JPY","5327.19","PAID"
"187","1069","2026-03-02","2026-04-27","CHF","6398.64","PAID"
"188","1180","2026-04-25","2026-07-11","EUR","15785.51","OPEN"
"189","1091","2026-04-26","2026-01-05","USD","18990.3","OPEN"
"190","1068","2026-02-08","2026-07-21","CHF","10369.14","OPEN"
"191","1035","2026-05-04","2026-03-29","GBP","8675.95","OPEN"
"192","1033","2026-03-15","2026-01-28","JPY","9830.98","OPEN"
"193","1037","2026-02-12","2026-03-09","USD","14110.89","PAID"
"194","1086","2026-07-12","2026-03-03","EUR","18237.61","OVERDUE"
"195","1020","2026-05-07","2026-01-14","USD","-9834.38","OPEN"
"196","1192","2026-04-14","2026-04-10","JPY","5042.15","PAID"
"197","1039","2026-07-09","2026-04-24","GBP","8127.11","OVERDUE"
"198","1198","2026-05-15","2026-05-12","JPY","15778.03","PAID"
"199","1137","2026-01-26","2026-05-26","EUR","16724.66","OVERDUE"
"200","1151","2026-01-14","2026-04-10","JPY","5153.73","PAID"
"201","1143","2026-06-29","2026-04-19","GBP","2114.05","PAID"
"202","1002","2026-06-09","2026-03-02","CHF","6634.08","OVERDUE"
"203","1194","2026-04-05","2026-04-27","JPY","21238.98","PAID"
"204","1074","2026-06-15","2026-03-08","USD","24178.69","OPEN"
"205","1167","2026-01-15","2026-03-27","EUR","5790.22","PAID"
"206","1158","2026-01-23","2026-05-22","USD","23058.59","PAID"
"207","1073","2026-03-27","2026-04-05","USD","12949.93","PAID"
"208","1124","2026-07-14","2026-01-12","CHF","23547.66","OPEN"
"209","1013","2026-02-11","2026-06-01","USD","23944.58","OPEN"
"210","1138","2026-07-07","2026-04-18","USD","19719.17","OVERDUE"
"211","1068","2026-07-07","2026-04-08","GBP","21150.34","PAID"
"212","1076","2026-07-04","2026-01-28","JPY","-15225.58","OPEN"
"213","1030","2026-03-16","2026-05-19","EUR","16406.98","OVERDUE"
"214","1184","2026-07-22","2026-07-15","USD","23370.02","OVERDUE"
"215","1104","2026-07-19","2026-01-06","EUR","12173","OPEN"
"216","1006","2026-05-07","2026-05-31","JPY","15359.98","PAID"
"217","1066","2026-05-05","2026-04-21","JPY","8458.47","OPEN"
"218","1107","2026-06-30","2026-06-14","CHF","24218.09","OVERDUE"
"219","1187","2026-04-24","2026-06-09","JPY","11522.9","OPEN"
"220","1187","2026-01-22","2026-03-13","GBP","8105.4","OPEN"
"221","1152","2026-07-20","2026-06-13","JPY","23395.82","PAID"
"222","1074","2026-03-27","2026-05-13","EUR","813.39","PAID"
"223","1017","2026-02-22","2026-04-09","GBP","3888.42","OPEN"
"224","1011","2026-07-22","2026-07-19","USD","21301.62","OPEN"
"225","1097","2026-02-08","2026-04-28","GBP","20779.18","OPEN"
"226","1183","2026-01-02","2026-03-15","USD","10333.65","PAID"
"227","1027","2026-01-28","2026-01-28","JPY","21032","OPEN"
"228","1172","2026-07-05","2026-01-02","CHF","21814.04","OPEN"
"229","1005","2026-06-26","2026-03-23","EUR","458.46","OPEN"
"230","1044","2026-01-15","2026-04-17","EUR","4738.54","OVERDUE"
"231","1049","2026-01-25","2026-07-05","JPY","5287.75","OPEN"
"232","1166","2026-06-22","2026-05-12","CHF","13618.28","OVERDUE"
"233","1062","2026-04-27","2026-02-13","CHF","14053.27","PAID"
"234","1035","2026-07-23","2026-06-04","USD","2150.97","PAID"
"235","1012","2026-05-13","2026-01-27","EUR","16968.36","PAID"
"236","1152","2026-01-28","2026-02-04","GBP","16524.41","PAID"
"237","1003","2026-06-12","2026-06-06","USD","19315.38","PAID"
"238","1104","2026-03-05","2026-04-24","USD","6498.34","OPEN"
"239","1031","2026-01-31","2026-04-15","USD","6608.45","OVERDUE"
"240","1038","2026-04-16","2026-03-30","USD","333.82","OVERDUE"
"241","1084","2026-01-09","2026-07-05","CHF","479.15","OPEN"
"242","1039","2026-07-29","2026-07-30","GBP","18799.39","PAID"
"243","1065","2026-05-05","2026-01-18","EUR","222.48","PAID"
"244","1199","2026-05-23","2026-06-01","JPY","13634.09","OVERDUE"
"245","1053","2026-03-10","2026-07-20","JPY","10196.37","OPEN"
"246","1052","2026-05-20","2026-03-30","CHF","9021.71","PAID"
"247","1032","2026-04-16","2026-03-11","EUR","22869.94","OPEN"
"248","1183","2026-03-12","2026-06-10","EUR","5480.21","PAID"
"249","1074","2026-02-03","2026-03-09","EUR","23732.46","PAID"
"250","1134","2026-01-11","2026-03-06","GBP","8162.96","PAID"
"251","1187","2026-05-21","2026-06-03","CHF","11270.07","PAID"
"252","1034","2026-03-24","2026-02-04","JPY","16134.97","OPEN"
"253","1005","2026-02-09","2026-02-17","JPY","24106","PAID"
"254","1100","2026-01-22","2026-02-26","GBP","16607.94","PAID"
"255","1091","2026-01-06","2026-02-26","USD","844.04","OVERDUE"
"256","1135","2026-01-08","2026-05-11","CHF","20172.31","OPEN"
"257","1155","2026-02-03","2026-06-17","GBP","15213.84","PAID"
"258","1173","2026-01-18","2026-03-28","USD","14313.93","OVERDUE"
"259","1113","2026-04-07","2026-06-03","GBP","4220.53","PAID"
"260","1073","2026-07-09","2026-03-26","EUR","8381.23","OPEN"
"261","1030","2026-05-09","2026-07-16","GBP","9529.1","OPEN"
"262","1190","2026-04-12","2026-01-02","USD","17523.48","PAID"
"263","1190","2026-07-01","2026-01-26","CHF","20528.69","PAID"
"264","1116","2026-07-09","2026-06-20","JPY","13770.37","OPEN"
"265","1053","2026-03-24","2026-06-05","USD","11944.81","OPEN"
"266","1095","2026-04-13","2026-01-29","JPY","8877.86","PAID"
"267","1197","2026-06-01","2026-06-21","GBP","17542.09","PAID"
"268","1007","2026-03-01","2026-04-04","EUR","3239.09","OVERDUE"
"269","1144","2026-01-27","2026-03-29","JPY","5489.27","OPEN"
"270","1017","2026-02-28","2026-01-07","USD","8160.92","PAID"
"271","1076","2026-07-29","2026-02-23","GBP","22199.7","OVERDUE"
"272","1035","2026-07-31","2026-04-24","JPY","12142.15","PAID"
"273","1022","2026-03-04","2026-05-26","USD","24654.17","OPEN"
"274","1072","2026-06-02","2026-07-20","USD","3375.16","PAID"
"275","1088","2026-06-15","2026-07-08","GBP","23560.31","OPEN"
"276","1059","2026-02-09","2026-03-14","CHF","23719","OVERDUE"
"277","1025","2026-07-05","2026-01-05","CHF","24358.07","PAID"
"278","1198","2026-03-15","2026-07-11","USD","11388.37","OVERDUE"
"279","1053","2026-03-06","2026-07-17","EUR","17898.93","PAID"
"280","1044","2026-05-18","2026-06-02","GBP","17703.35","OPEN"
"281","1021","2026-03-14","2026-03-22","EUR","14163.97","OPEN"
"282","1170","2026-07-16","2026-03-19","GBP","5529.34","PAID"
"283","1087","2026-07-28","2026-06-01","EUR","22962.95","OPEN"
"284","1178","2026-03-28","2026-04-18","GBP","16105.27","OPEN"
"285","1046","2026-03-05","2026-06-11","USD","20028.94","OVERDUE"
"286","1000","2026-04-21","2026-07-16","EUR","3993.56","PAID"
"287","1075","2026-04-30","2026-04-02","GBP","19693.64","OVERDUE"
"288","1134","2026-01-02","2026-05-14","CHF","7052.09","OVERDUE"
"289","1188","2026-07-04","2026-02-14","CHF","19845.38","PAID"
"290","1126","2026-05-09","2026-06-06","JPY","8144.6","OVERDUE"
"291","1093","2026-06-16","2026-07-07","JPY","14657.33","OVERDUE"
"292","1170","2026-01-17","2026-01-30","EUR","15087.28","PAID"
"293","1059","2026-01-29","2026-04-16","CHF","3175.31","PAID"
"294","1131","2026-06-01","2026-05-31","GBP","16330.36","PAID"
"295","1194","2026-05-28","2026-04-06","GBP","20263.53","OVERDUE"
"296","1044","2026-06-07","2026-01-15","GBP","8917.53","OPEN"
"297","1160","2026-01-16","2026-03-29","CHF","17883.98","OPEN"
"298","1094","2026-02-21","2026-05-15","USD","1310.54","OVERDUE"
"299","1013","2026-02-07","2026-05-20","USD","9075.92","OVERDUE"
"300","1077","2026-05-26","2026-04-06","CHF","19029.96","OVERDUE"
"301","1078","2026-04-02","2026-07-10","GBP","9114.37","OVERDUE"
"302","1129","2026-03-04","2026-02-08","USD","24524.37","OVERDUE"
"303","1091","2026-06-23","2026-05-14","JPY","10468.54","OVERDUE"
"304","1115","2026-03-28","2026-05-23","USD","9899.44","OVERDUE"
"305","1078","2026-07-23","2026-01-15","EUR","5275.68","OVERDUE"
"306","1164","2026-06-05","2026-02-17","CHF","6513.64","PAID"
"307","1177","2026-04-11","2026-01-28","GBP","23852.01","PAID"
"308","1175","2026-06-24","2026-01-14","JPY","9779.33","OVERDUE"
"309","1004","2026-02-17","2026-06-13","CHF","22998.17","OVERDUE"
"310","1068","2026-01-24","2026-06-26","GBP","11148.69","OPEN"
"311","1017","2026-03-27","2026-06-12","JPY","10395.9","PAID"
"312","1188","2026-04-26","2026-03-20","JPY","18295.5","OVERDUE"
"313","1027","2026-01-02","2026-05-19","JPY","12043.6","PAID"
"314","1102","2026-04-06","2026-01-03","JPY","6543.17","PAID"
"315","1073","2026-03-04","2026-07-22","GBP","4254.6","OVERDUE"
"316","1084","2026-03-05","2026-02-04","EUR","7448.25","OPEN"
"317","1137","2026-03-27","2026-03-21","CHF","3312.94","OVERDUE"
"318","1021","2026-02-08","2026-03-17","CHF","18480.44","OPEN"
"319","1191","2026-06-10","2026-01-02","CHF","21123.16","PAID"
"320","1051","2026-03-29","2026-04-01","CHF","3843.53","OPEN"
"321","1142","2026-04-15","2026-02-10","GBP","18420.33","OPEN"
"322","1009","2026-05-16","2026-05-19","EUR","17684.84","PAID"
"323","1023","2026-05-08","2026-03-19","CHF","8591.7","PAID"
"324","1109","2026-02-02","2026-05-08","JPY","5206.73","OVERDUE"
"325","1005","2026-07-21","2026-01-24","JPY","12945.01","OPEN"
"326","1138","2026-02-05","2026-05-23","GBP","12144.89","OPEN"
"327","1023","2026-03-17","2026-03-23","GBP","18791.93","OVERDUE"
"328","1163","2026-01-13","2026-01-05","JPY","7961.47","PAID"
"329","1068","2026-05-06","2026-04-22","GBP","6204.77","OPEN"
"330","1139","2026-04-26","2026-06-12","EUR","10050.86","OVERDUE"
"331","1087","2026-05-27","2026-06-18","USD","21377.61","PAID"
"332","1161","2026-02-15","2026-04-14","GBP","14271.49","OPEN"
"333","1179","2026-01-19","2026-01-10","EUR","7300.26","OPEN"
"334","1116","2026-02-01","2026-07-05","CHF","6005.06","PAID"
"335","1164","2026-05-11","2026-05-31","CHF","21219.24","PAID"
"336","1074","2026-02-18","2026-03-31","GBP","17807.33","OVERDUE"
"337","1075","2026-01-08","2026-07-28","CHF","18454.23","OPEN"
"338","1092","2026-06-02","2026-07-22","JPY","21809.71","PAID"
"339","1110","2026-07-15","2026-03-19","GBP","2064.57","OVERDUE"
"340","1121","2026-06-15","2026-02-16","JPY","24981.93","PAID"
"341","1173","2026-05-13","2026-03-25","EUR","20096.21","PAID"
"342","1022","2026-07-09","2026-07-22","USD","20245.35","OVERDUE"
"343","1180","2026-06-09","2026-03-12","CHF","15655.63","PAID"
"344","1061","2026-01-12","2026-07-26","CHF","13130.02","OVERDUE"
"345","1051","2026-06-12","2026-02-23","EUR","13851.5","OPEN"
"346","1019","2026-04-29","2026-01-12","GBP","7163.99","OPEN"
"347","1005","2026-03-28","2026-07-02","JPY","16346.03","PAID"
"348","1005","2026-07-07","2026-07-09","CHF","15804.76","OPEN"
"349","1114","2026-03-31","2026-05-09","JPY","17402.32","OPEN"
"350","1025","2026-05-30","2026-05-31","CHF","10766.33","PAID"
"351","1039","2026-02-28","2026-06-04","USD","19001.22","OVERDUE"
"352","1131","2026-01-24","2026-02-14","USD","9868.63","OVERDUE"
"353","1177","2026-03-17","2026-05-05","JPY","1880.62","PAID"
"354","1027","2026-04-06","2026-03-17","GBP","1214.85","OPEN"
"355","1141","2026-02-02","2026-06-27","GBP","14339.16","OVERDUE"
"356","1122","2026-02-05","2026-05-04","EUR","22596.63","OPEN"
"357","1063","2026-03-26","2026-03-26","USD","6956.4","PAID"
"358","1070","2026-01-26","2026-01-26","JPY","15849.56","OVERDUE"
"359","1167","2026-03-20","2026-03-16","JPY","6883.02","OVERDUE"
"360","1193","2026-03-21","2026-03-11","GBP","9458.94","OPEN"
"361","1037","2026-01-01","2026-03-22","USD","9964.52","OVERDUE"
"362","1010","2026-07-22","2026-05-24","CHF","15220.61","OVERDUE"
"363","1006","2026-06-02","2026-03-01","GBP","16369.17","PAID"
"364","1161","2026-02-19","2026-06-11","EUR","19323.85","OVERDUE"
"365","1004","2026-01-15","2026-03-02","GBP","24322.97","OPEN"
"366","1023","2026-06-06","2026-04-09","CHF","24370.52","PAID"
"367","1083","2026-05-23","2026-06-15","CHF","5951.65","OVERDUE"
"368","1132","2026-01-11","2026-07-09","EUR","14945.59","PAID"
"369","1155","2026-05-12","2026-06-20","CHF","12409.39","PAID"
"370","1179","2026-03-25","2026-05-24","JPY","11726.99","OVERDUE"
"371","1198","2026-06-22","2026-02-15","CHF","4795.12","PAID"
"372","1113","2026-07-28","2026-05-08","GBP","153.44","PAID"
"373","1004","2026-03-25","2026-05-19","JPY","10923.2","PAID"
"374","1024","2026-05-21","2026-01-16","GBP","19330.98","OVERDUE"
"375","1056","2026-01-22","2026-02-07","GBP","18747.24","PAID"
"376","1047","2026-05-25","2026-05-02","GBP","285.54","PAID"
"377","1128","2026-02-13","2026-05-27","USD","300.23","OPEN"
"378","1010","2026-01-06","2026-01-20","GBP","16488.37","PAID"
"379","1031","2026-01-30","2026-07-18","JPY","14188.62","OPEN"
"380","1178","2026-03-31","2026-01-29","CHF","21370.63","PAID"
"381","1143","2026-01-18","2026-04-22","CHF","17423.04","OVERDUE"
"382","1092","2026-03-22","2026-06-13","JPY","3648.25","OPEN"
"383","1015","2026-01-19","2026-06-29","CHF","16571.08","PAID"
"384","1109","2026-05-15","2026-03-09","USD","20361.22","OPEN"
"385","1157","2026-04-29","2026-03-03","JPY","23080.8","OVERDUE"
"386","1191","2026-04-30","2026-02-14","JPY","2064.51","PAID"
"387","1152","2026-02-04","2026-01-08","GBP","9441.25","OPEN"
"388","1067","2026-03-02","2026-07-27","CHF","213.92","OVERDUE"
"389","1089","2026-02-13","2026-06-08","JPY","17731.08","OPEN"
"390","1166","2026-04-13","2026-01-28","GBP","18306.72","PAID"
"391","1105","2026-05-15","2026-03-13","GBP","24793.73","PAID"
"392","1095","2026-03-02","2026-01-17","CHF","9673.77","OVERDUE"
"393","1054","2026-03-08","2026-05-12","GBP","23677.57","PAID"
"394","1072","2026-04-08","2026-01-09","USD","3028.74","PAID"
"395","1137","2026-07-11","2026-01-08","JPY","517.26","OPEN"
"396","1131","2026-05-16","2026-07-25","EUR","16984.15","OPEN"
"397","1186","2026-05-23","2026-05-18","USD","9620.76","OVERDUE"
"398","1034","2026-04-19","2026-01-11","USD","5912.02","OVERDUE"
"399","1035","2026-03-05","2026-06-22","JPY","15738.9","PAID"
"400","1077","2026-01-09","2026-03-16","CHF","21374.24","OPEN"
"401","1136","2026-05-19","2026-05-16","GBP","15813.22","OVERDUE"
"402","1159","2026-03-25","2026-07-11","CHF","13280.9","OVERDUE"
"403","1079","2026-07-29","2026-03-26","GBP","9628.32","OPEN"
"404","1068","2026-02-02","2026-05-18","CHF","16301.77","PAID"
"405","1127","2026-03-05","2026-03-25","EUR","4488.44","PAID"
"406","1173","2026-03-29","2026-02-04","GBP","23271.36","OPEN"
"407","1183","2026-07-13","2026-07-18","EUR","18192.77","PAID"
"408","1011","2026-07-21","2026-06-12","USD","7307.63","OVERDUE"
"409","1100","2026-07-29","2026-01-20","USD","3634.54","PAID"
"410","1018","2026-04-18","2026-03-14","GBP","22430.25","PAID"
"411","1116","2026-02-19","2026-07-31","CHF","259.27","OVERDUE"
"412","1048","2026-06-01","2026-03-20","GBP","2377","OVERDUE"
"413","1069","2026-05-14","2026-03-04","JPY","13758.69","OVERDUE"
"414","1085","2026-01-16","2026-07-17","JPY","4234.96","OVERDUE"
"415","1081","2026-05-06","2026-03-27","GBP","5800.82","OPEN"
"416","1145","2026-06-12","2026-02-26","GBP","11525.21","OPEN"
"417","1055","2026-06-02","2026-02-02","EUR","22490.77","PAID"
"418","1177","2026-01-11","2026-04-29","JPY","14600.21","OVERDUE"
"419","1032","2026-01-15","2026-02-13","GBP","4407.04","OVERDUE"
"420","1024","2026-07-25","2026-01-08","JPY","15575.13","OPEN"
"421","1174","2026-01-07","2026-04-30","JPY","2469.74","OPEN"
"422","1071","2026-06-15","2026-03-01","EUR","2596.07","PAID"
"423","1109","2026-06-29","2026-03-17","EUR","1721.82","OPEN"
"424","1141","2026-01-14","2026-07-23","GBP","8237.5","OPEN"
"425","1151","2026-01-25","2026-07-02","USD","10654.95","PAID"
"426","1003","2026-07-30","2026-07-16","EUR","3088.26","OPEN"
"427","1058","2026-07-16","2026-05-10","USD","217.9","PAID"
"428","1024","2026-05-25","2026-02-04","CHF","7759.66","OVERDUE"
"429","1195","2026-05-08","2026-04-27","CHF","1828.87","OVERDUE"
"430","1134","2026-03-30","2026-02-17","GBP","24931.25","OVERDUE"
"431","1171","2026-04-02","2026-07-04","USD","12849.86","OPEN"
"432","1027","2026-03-16","2026-07-26","JPY","18788.16","OPEN"
"433","1087","2026-05-29","2026-04-07","JPY","14325.39","OPEN"
"434","1078","2026-03-21","2026-05-04","USD","21308.41","OPEN"
"435","1102","2026-03-24","2026-01-12","JPY","5230.35","OVERDUE"
"436","1050","2026-03-03","2026-05-06","EUR","1464.72","OPEN"
"437","1051","2026-05-03","2026-02-26","EUR","18855.89","PAID"
"438","1144","2026-06-12","2026-04-04","CHF","24332.85","PAID"
"439","1011","2026-03-02","2026-06-23","USD","11904.9","PAID"
"440","1193","2026-07-14","2026-01-24","USD","19740.11","PAID"
"441","1082","2026-07-03","2026-02-27","JPY","8954.43","OPEN"
"442","1161","2026-03-09","2026-06-27","EUR","5551.88","OPEN"
"443","1125","2026-05-11","2026-06-01","GBP","9803.38","PAID"
"444","1001","2026-06-14","2026-01-28","JPY","20301.45","OVERDUE"
"445","1133","2026-02-03","2026-02-20","CHF","5237.91","PAID"
"446","1182","2026-02-05","2026-02-04","EUR","1287.75","OPEN"
"447","1195","2026-07-27","2026-06-05","USD","8209.23","PAID"
"448","1060","2026-03-25","2026-02-09","CHF","20788.83","PAID"
"449","1018","2026-01-30","2026-07-22","GBP","24761.37","OPEN"
"450","1032","2026-05-07","2026-05-23","JPY","21046.27","PAID"
"451","1090","2026-04-28","2026-05-02","USD","12291.93","PAID"
"452","1160","2026-03-26","2026-04-09","EUR","23395.96","PAID"
"453","1154","2026-01-12","2026-07-26","GBP","23905.37","OPEN"
"454","1005","2026-02-13","2026-04-01","USD","22563.11","PAID"
"455","1077","2026-01-13","2026-05-28","GBP","3174.89","PAID"
"456","1169","2026-05-10","2026-05-10","GBP","15568.1","OPEN"
"457","1149","2026-04-15","2026-05-01","JPY","9169.24","OVERDUE"
"458","1109","2026-05-29","2026-04-25","USD","19334.31","PAID"
"459","1070","2026-01-31","2026-01-18","GBP","22585.66","OVERDUE"
"460","1068","2026-06-12","2026-04-18","GBP","5819.79","PAID"
"461","1089","2026-03-19","2026-01-04","GBP","12805.21","PAID"
"462","1143","2026-07-02","2026-05-09","EUR","12985.02","PAID"
"463","1073","2026-02-02","2026-06-13","JPY","10410.2","OVERDUE"
"464","1094","2026-04-22","2026-01-13","USD","10852.81","OPEN"
"465","1147","2026-01-13","2026-05-08","EUR","22178.69","OPEN"
"466","1067","2026-04-22","2026-03-01","GBP","11815.34","PAID"
"467","1057","2026-04-12","2026-03-27","EUR","3464.85","OVERDUE"
"468","1123","2026-06-06","2026-03-01","JPY","14278.58","OPEN"
"469","1168","2026-07-22","2026-06-11","EUR","10883.26","PAID"
"470","1161","2026-01-01","2026-01-11","GBP","22034.6","OVERDUE"
"471","1126","2026-04-14","2026-05-30","USD","18514.22","OPEN"
"472","1009","2026-05-19","2026-06-15","USD","21372.61","OPEN"
"473","1065","2026-03-10","2026-07-17","GBP","10781.67","OPEN"
"474","1115","2026-04-21","2026-05-17","JPY","3219.98","OPEN"
"475","1095","2026-03-16","2026-03-20","CHF","16389.12","OVERDUE"
"476","1049","2026-05-03","2026-03-02","JPY","23701.42","PAID"
"477","1060","2026-07-27","2026-01-18","USD","19917.22","PAID"
"478","1137","2026-01-25","2026-07-11","CHF","21676.8","PAID"
"479","1195","2026-01-13","2026-05-03","GBP","13267.37","OPEN"
"480","1061","2026-03-28","2026-04-05","EUR","17339.81","PAID"
"481","1150","2026-05-18","2026-03-27","EUR","3382.77","OPEN"
"482","1109","2026-04-30","2026-04-04","CHF","17825.52","OVERDUE"
"483","1048","2026-04-10","2026-07-24","USD","416.84","PAID"
"484","1104","2026-05-30","2026-06-06","USD","23192.3","OPEN"
"485","1114","2026-05-16","2026-06-25","CHF","5391","OVERDUE"
"486","1094","2026-04-17","2026-04-05","USD","9970.02","OVERDUE"
"487","1100","2026-01-29","2026-02-20","EUR","19736.09","OVERDUE"
"488","1190","2026-04-12","2026-02-27","GBP","19500.97","OPEN"
"489","1190","2026-05-21","2026-01-17","USD","20020.45","PAID"
"490","1186","2026-05-11","2026-06-26","GBP","6813.35","PAID"
"491","1194","2026-04-20","2026-07-17","JPY","21544.31","OPEN"
"492","1115","2026-04-16","2026-07-24","EUR","21397.7","PAID"
"493","1031","2026-04-28","2026-07-12","EUR","23357.17","PAID"
"494","1169","2026-03-19","2026-01-13","USD","17685.91","PAID"
"495","1105","2026-03-28","2026-03-18","GBP","11231.94","OVERDUE"
"496","1194","2026-03-14","2026-04-08","GBP","7390.93","OVERDUE"
"497","1033","2026-01-25","2026-06-20","GBP","5217.36","PAID"
"498","1012","2026-07-15","2026-04-21","GBP","8803.7","OPEN"
"499","1030","2026-07-04","2026-03-02","JPY","6321.8","PAID"
"500","1018","2026-05-09","2026-03-18","EUR","11301.88","PAID"
"501","1043","2026-04-06","2026-04-09","JPY","16248.44","PAID"
"502","1051","2026-02-24","2026-02-23","GBP","3799.39","OPEN"
"503","1098","2026-06-27","2026-01-10","JPY","20149.66","OPEN"
"504","1094","2026-02-07","2026-04-05","EUR","21354.12","OVERDUE"
"505","1102","2026-04-04","2026-04-27","JPY","8199.92","OVERDUE"
"506","1095","2026-01-13","2026-03-20","JPY","14356.67","OPEN"
"507","1124","2026-01-07","2026-04-03","USD","11256.98","PAID"
"508","1155","2026-03-09","2026-06-09","EUR","14735.17","OVERDUE"
"509","1055","2026-01-04","2026-01-25","JPY","9644.52","OVERDUE"
"510","1164","2026-05-29","2026-04-14","USD","15109.14","OPEN"
"511","1157","2026-05-24","2026-01-24","CHF","15374.18","PAID"
"512","1028","2026-01-02","2026-02-17","GBP","22844.53","OVERDUE"
"513","1025","2026-06-19","2026-01-21","CHF","11775.68","OPEN"
"514","1007","2026-02-23","2026-07-12","USD","2651.6","OVERDUE"
"515","1067","2026-07-20","2026-07-13","EUR","3880.84","OVERDUE"
"516","1129","2026-05-17","2026-05-20","USD","14861.01","PAID"
"517","1001","2026-07-08","2026-05-15","GBP","22286.02","OPEN"
"518","1182","2026-03-25","2026-04-14","GBP","303.64","PAID"
"519","1085","2026-02-12","2026-05-21","EUR","20289.66","OVERDUE"
"520","1012","2026-03-08","2026-05-29","JPY","1442.67","OVERDUE"
"521","1031","2026-04-04","2026-04-20","JPY","18697.86","OPEN"
"522","1073","2026-02-28","2026-02-10","JPY","1846.01","OPEN"
"523","1112","2026-03-31","2026-03-20","EUR","2805.23","OVERDUE"
"524","1089","2026-07-30","2026-06-25","JPY","6356.42","OVERDUE"
"525","1116","2026-07-18","2026-03-10","USD","8079.45","OPEN"
"526","1192","2026-07-26","2026-03-10","USD","5307.11","OVERDUE"
"527","1186","2026-04-10","2026-06-29","JPY","17773.63","OVERDUE"
"528","1179","2026-03-12","2026-03-05","GBP","9582.31","PAID"
"529","1090","2026-05-26","2026-01-03","USD","6619.14","OVERDUE"
"530","1068","2026-07-04","2026-04-07","CHF","2151.11","OVERDUE"
"531","1090","2026-01-10","2026-02-04","GBP","17068.04","PAID"
"532","1105","2026-07-27","2026-01-20","CHF","4125.65","OVERDUE"
"533","1122","2026-01-05","2026-02-04","JPY","11054.05","OVERDUE"
"534","1057","2026-03-08","2026-07-16","CHF","1032.28","PAID"
"535","1121","2026-03-25","2026-06-05","GBP","6902.55","OVERDUE"
"536","1057","2026-01-29","2026-01-12","CHF","22671.9","OPEN"
"537","1142","2026-07-15","2026-04-13","CHF","4863.69","PAID"
"538","1171","2026-03-03","2026-01-25","CHF","2461.98","PAID"
"539","1147","2026-02-20","2026-01-11","CHF","2439.66","OVERDUE"
"540","1118","2026-03-17","2026-06-29","USD","23367.14","PAID"
"541","1179","2026-01-24","2026-06-22","CHF","6394.83","OVERDUE"
"542","1079","2026-04-04","2026-02-08","CHF","14600.67","OPEN"
"543","1021","2026-05-12","2026-01-20","GBP","21262.26","OVERDUE"
"544","1181","2026-01-01","2026-01-09","USD","6926.12","OPEN"
"545","1114","2026-05-15","2026-05-01","GBP","212.14","OVERDUE"
"546","1036","2026-03-06","2026-01-23","JPY","10456.84","PAID"
"547","1160","2026-07-04","2026-07-16","JPY","14642.73","OPEN"
"548","1148","2026-06-09","2026-02-09","JPY","4226.01","OVERDUE"
"549","1021","2026-06-13","2026-05-15","EUR","19145.28","PAID"
"550","1162","2026-05-10","2026-07-05","USD","11499.82","PAID"
"551","1063","2026-07-29","2026-02-24","USD","19876.69","OVERDUE"
"552","1026","2026-01-24","2026-04-17","GBP","5448.84","OVERDUE"
"553","1178","2026-03-23","2026-03-24","CHF","16075.14","PAID"
"554","1107","2026-04-10","2026-02-14","CHF","24265.69","OPEN"
"555","1052","2026-01-12","2026-03-21","JPY","12874.63","PAID"
"556","1154","2026-07-16","2026-03-31","USD","13895.26","PAID"
"557","1133","2026-01-29","2026-03-30","JPY","22235.1","OVERDUE"
"558","1045","2026-04-14","2026-04-11","JPY","24911.03","OVERDUE"
"559","1104","2026-01-11","2026-03-19","EUR","21393.73","OVERDUE"
"560","1011","2026-01-28","2026-04-21","EUR","2849.81","OPEN"
"561","1092","2026-07-25","2026-05-02","GBP","10244.19","OPEN"
"562","1067","2026-06-17","2026-02-11","USD","2492.44","PAID"
"563","1114","2026-07-11","2026-07-03","EUR","1802.95","OVERDUE"
"564","1177","2026-01-12","2026-06-03","CHF","16107.89","OVERDUE"
"565","1001","2026-07-09","2026-02-27","JPY","2572.73","PAID"
"566","1104","2026-07-10","2026-05-25","JPY","20068.07","OVERDUE"
"567","1051","2026-02-06","2026-02-23","GBP","22661.93","OPEN"
"568","1045","2026-05-19","2026-07-14","USD","21117.14","OVERDUE"
"569","1184","2026-06-30","2026-02-23","USD","21886.3","OVERDUE"
"570","1181","2026-07-15","2026-05-04","CHF","6846.1","OPEN"
"571","1000","2026-02-09","2026-06-20","CHF","6633.33","OVERDUE"
"572","1177","2026-04-10","2026-05-21","JPY","1635.64","OPEN"
"573","1048","2026-03-16","2026-03-14","CHF","2843.71","OVERDUE"
"574","1009","2026-04-01","2026-04-04","JPY","4837.26","PAID"
"575","1050","2026-05-23","2026-02-24","JPY","21368.4","PAID"
"576","1094","2026-01-25","2026-04-06","GBP","11219.14","OVERDUE"
"577","1076","2026-05-05","2026-05-01","JPY","23937.11","OPEN"
"578","1115","2026-02-21","2026-01-22","USD","13785.25","OPEN"
"579","1152","2026-03-19","2026-02-07","GBP","11098.77","OPEN"
"580","1161","2026-03-27","2026-07-23","JPY","6600.4","PAID"
"581","1048","2026-07-08","2026-06-18","GBP","13940.43","OPEN"
"582","1169","2026-07-04","2026-01-05","EUR","14267.34","OPEN"
"583","1087","2026-02-02","2026-04-03","EUR","17649.93","OPEN"
"584","1151","2026-02-27","2026-07-16","JPY","6793.59","OVERDUE"
"585","1037","2026-05-09","2026-01-15","EUR","10168.61","OVERDUE"
"586","1070","2026-03-06","2026-02-17","CHF","22083.08","OVERDUE"
"587","1099","2026-02-03","2026-05-13","CHF","7230.91","PAID"
"588","1050","2026-04-22","2026-02-04","JPY","23809.73","OPEN"
"589","1125","2026-07-04","2026-04-18","EUR","1623.3","OPEN"
"590","1053","2026-07-21","2026-07-27","USD","2275.84","OVERDUE"
"591","1171","2026-02-14","2026-05-23","GBP","8708.38","OVERDUE"
"592","1023","2026-03-05","2026-05-29","GBP","19882.03","PAID"
"593","1016","2026-07-11","2026-06-27","JPY","5440.18","OVERDUE"
"594","1087","2026-06-02","2026-03-06","JPY","21079.75","OPEN"
"595","1041","2026-05-18","2026-05-06","JPY","6615.57","PAID"
"596","1063","2026-04-15","2026-04-22","USD","7208.48","OPEN"
"597","1115","2026-06-20","2026-03-26","JPY","5985.84","OVERDUE"
"598","1009","2026-01-30","2026-05-09","GBP","18087.61","PAID"
"599","1099","2026-03-19","2026-03-31","JPY","8833.65","PAID"
"600","1131","2026-01-24","2026-03-28","CHF","776.19","OVERDUE"
"601","1082","2026-03-08","2026-03-27","EUR","13304.84","PAID"
"602","1184","2026-07-12","2026-07-31","USD","5719.09","PAID"
"603","1103","2026-07-29","2026-06-05","GBP","1112.04","OVERDUE"
"604","1025","2026-01-22","2026-04-21","JPY","24753.01","OPEN"
"605","1140","2026-07-30","2026-07-03","CHF","14888.33","OPEN"
"606","1167","2026-02-12","2026-04-05","CHF","10552.59","OPEN"
"607","1093","2026-04-01","2026-04-07","CHF","13765.96","OVERDUE"
"608","1024","2026-05-23","2026-06-07","CHF","18923.04","PAID"
"609","1042","2026-07-06","2026-06-24","USD","23614.19","PAID"
"610","1184","2026-01-28","2026-03-23","USD","23535.54","PAID"
"611","1158","2026-03-03","2026-02-13","CHF","12958.56","PAID"
"612","1136","2026-01-14","2026-06-06","USD","6131.37","OVERDUE"
"613","1064","2026-01-27","2026-07-21","JPY","19630.68","PAID"
"614","1064","2026-05-13","2026-04-17","EUR","8917.36","PAID"
"615","1060","2026-01-16","2026-05-18","USD","9105.61","OPEN"
"616","1077","2026-04-24","2026-02-09","GBP","11427.95","OVERDUE"
"617","1165","2026-01-18","2026-02-06","JPY","15554.53","OPEN"
"618","1000","2026-04-02","2026-05-28","GBP","16184.35","OPEN"
"619","1134","2026-05-30","2026-03-09","CHF","1711.06","OVERDUE"
"620","1199","2026-01-20","2026-07-01","EUR","3005.42","OPEN"
"621","1118","2026-06-12","2026-04-28","JPY","5977.53","OVERDUE"
"622","1109","2026-03-11","2026-05-29","EUR","2200.63","OVERDUE"
"623","1129","2026-07-21","2026-02-16","GBP","23791.18","PAID"
"624","1167","2026-07-04","2026-02-26","CHF","21779.48","PAID"
"625","1199","2026-03-09","2026-02-11","CHF","4061","PAID"
"626","1134","2026-01-31","2026-03-20","EUR","16521.65","OVERDUE"
"627","1076","2026-05-11","2026-03-23","GBP","24049.44","OPEN"
"628","1028","2026-05-16","2026-04-21","CHF","2102.81","PAID"
"629","1181","2026-03-02","2026-07-21","USD","5515.71","OVERDUE"
"630","1001","2026-04-17","2026-05-13","USD","16906.86","OPEN"
"631","1163","2026-06-29","2026-05-18","EUR","21977.6","OVERDUE"
"632","1050","2026-07-07","2026-05-20","USD","14989.08","OPEN"
"633","1137","2026-05-23","2026-07-08","GBP","12122.33","PAID"
"634","1172","2026-03-31","2026-02-12","GBP","16470.82","OPEN"
"635","1022","2026-06-10","2026-07-02","CHF","14132.63","OPEN"
"636","1159","2026-07-05","2026-04-23","EUR","9324.35","PAID"
"637","1081","2026-03-04","2026-07-08","CHF","7808.14","OPEN"
"638","1167","2026-06-05","2026-02-25","CHF","17872.79","OPEN"
"639","1086","2026-04-06","2026-03-17","JPY","5199.42","OPEN"
"640","1024","2026-06-19","2026-04-09","CHF","2021.07","OPEN"
"641","1161","2026-03-18","2026-05-05","CHF","12767.21","PAID"
"642","1025","2026-03-07","2026-02-14","GBP","3218.82","OVERDUE"
"643","1004","2026-05-07","2026-01-05","CHF","1189.51","OPEN"
"644","1085","2026-02-06","2026-06-26","EUR","9592.29","OPEN"
"645","1100","2026-04-01","2026-07-25","GBP","12710.9","OPEN"
"646","1076","2026-05-23","2026-01-06","CHF","10970.75","OPEN"
"647","1028","2026-02-01","2026-04-22","GBP","12631.69","OPEN"
"648","1040","2026-04-04","2026-07-09","CHF","21419.84","OPEN"
"649","1037","2026-06-09","2026-02-20","GBP","13314.32","PAID"
"650","1178","2026-02-20","2026-01-04","JPY","4297.56","PAID"
"651","1186","2026-07-31","2026-01-23","GBP","6425.48","OVERDUE"
"652","1005","2026-03-07","2026-03-26","GBP","1557.47","PAID"
"653","1198","2026-01-16","2026-01-29","GBP","4642.69","OVERDUE"
"654","1185","2026-06-17","2026-06-10","EUR","16310.31","PAID"
"655","1183","2026-04-19","2026-04-25","EUR","16892.58","PAID"
"656","1090","2026-06-17","2026-07-02","USD","11338.6","PAID"
"657","1090","2026-06-27","2026-07-14","CHF","2443.87","OVERDUE"
"658","1033","2026-07-06","2026-05-01","JPY","8332.38","PAID"
"659","1041","2026-03-16","2026-05-13","EUR","-11453.18","PAID"
"660","1160","2026-07-02","2026-06-13","GBP","760.89","OVERDUE"
"661","1057","2026-02-27","2026-06-25","EUR","646.53","PAID"
"662","1192","2026-06-28","2026-04-15","USD","981.43","PAID"
"663","1127","2026-07-26","2026-06-03","CHF","8979.58","OVERDUE"
"664","1088","2026-02-19","2026-05-30","GBP","6844.01","OPEN"
"665","1197","2026-01-31","2026-07-15","USD","1003.55","OPEN"
"666","1123","2026-06-06","2026-02-26","GBP","9150.31","PAID"
"667","1102","2026-01-29","2026-02-11","GBP","13319.04","OVERDUE"
"668","1179","2026-01-11","2026-01-11","JPY","9493.76","OVERDUE"
"669","1007","2026-01-26","2026-03-15","EUR","7476.65","OVERDUE"
"670","1140","2026-05-02","2026-01-20","GBP","20579.8","OVERDUE"
"671","1047","2026-04-07","2026-07-22","EUR","21585.08","OVERDUE"
"672","1020","2026-04-19","2026-01-11","USD","24708.68","PAID"
"673","1019","2026-07-04","2026-04-21","EUR","12222.66","OPEN"
"674","1124","2026-07-15","2026-04-29","EUR","953.89","OVERDUE"
"675","1113","2026-01-22","2026-01-02","JPY","6946.66","PAID"
"676","1119","2026-01-21","2026-02-04","GBP","3666.36","OPEN"
"677","1123","2026-03-05","2026-01-20","USD","22882.56","PAID"
"678","1141","2026-05-02","2026-04-12","CHF","22243.47","OVERDUE"
"679","1108","2026-03-25","2026-02-02","GBP","11281.47","OVERDUE"
"680","1082","2026-01-09","2026-06-02","GBP","3090.26","PAID"
"681","1156","2026-03-18","2026-04-26","JPY","10890.85","OPEN"
"682","1126","2026-04-09","2026-01-18","USD","15958.84","PAID"
"683","1106","2026-04-22","2026-06-09","JPY","5300.85","OVERDUE"
"684","1141","2026-01-02","2026-07-27","EUR","1068.36","OVERDUE"
"685","1051","2026-03-20","2026-02-11","CHF","9925.52","PAID"
"686","1043","2026-07-17","2026-02-05","JPY","2504.99","OVERDUE"
"687","1188","2026-01-16","2026-05-20","USD","15241.61","OVERDUE"
"688","1103","2026-07-25","2026-04-08","JPY","17013.77","PAID"
"689","1070","2026-05-01","2026-02-04","USD","11308.82","OPEN"
"690","1019","2026-07-07","2026-03-22","CHF","20225.22","OPEN"
"691","1120","2026-05-04","2026-07-27","CHF","23429.98","PAID"
"692","1188","2026-03-10","2026-02-26","CHF","3674.12","OVERDUE"
"693","1080","2026-06-06","2026-03-14","GBP","7966.16","PAID"
"694","1073","2026-01-01","2026-03-23","EUR","21223.39","OVERDUE"
"695","1037","2026-02-28","2026-03-26","JPY","13626.41","OVERDUE"
"696","1077","2026-04-13","2026-06-12","CHF","14346.6","OPEN"
"697","1049","2026-07-10","2026-04-04","EUR","7753.79","PAID"
"698","1030","2026-01-09","2026-07-04","EUR","15725.58","OPEN"
"699","1117","2026-05-06","2026-03-08","JPY","11225.72","PAID"
"700","1008","2026-07-04","2026-01-18","CHF","23309.72","OVERDUE"
"701","1051","2026-05-02","2026-01-21","USD","20582.19","PAID"
"702","1021","2026-07-20","2026-01-10","USD","11276.57","OVERDUE"
"703","1048","2026-04-23","2026-03-12","JPY","3657.96","OPEN"
"704","1179","2026-04-07","2026-03-12","JPY","17180.91","PAID"
"705","1005","2026-03-17","2026-04-28","JPY","16694.8","OVERDUE"
"706","1093","2026-06-13","2026-01-27","EUR","17000.18","OVERDUE"
"707","1130","2026-02-27","2026-03-10","JPY","2937.14","OVERDUE"
"708","1068","2026-06-09","2026-03-09","JPY","17836.24","OPEN"
"709","1024","2026-06-12","2026-05-15","GBP","5361.84","OVERDUE"
"710","1118","2026-04-14","2026-04-29","GBP","22885.54","PAID"
"711","1153","2026-02-13","2026-01-23","GBP","3641.54","PAID"
"712","1037","2026-01-02","2026-01-05","EUR","8211.6","OVERDUE"
"713","1122","2026-02-19","2026-01-28","JPY","10064.77","PAID"
"714","1001","2026-04-15","2026-03-22","USD","13310.11","OPEN"
"715","1157","2026-06-12","2026-05-02","USD","10115.07","PAID"
"716","1110","2026-02-15","2026-04-15","EUR","756.29","OVERDUE"
"717","1152","2026-05-10","2026-05-03","CHF","3130.9","PAID"
"718","1051","2026-04-01","2026-04-04","CHF","9720.89","PAID"
"719","1144","2026-06-03","2026-07-13","USD","10891.36","OVERDUE"
"720","1049","2026-04-05","2026-02-25","USD","4643.01","PAID"
"721","1004","2026-05-16","2026-01-23","EUR","2813.67","PAID"
"722","1177","2026-06-20","2026-03-24","JPY","10294.58","OPEN"
"723","1067","2026-01-28","2026-03-11","CHF","2007.55","PAID"
"724","1098","2026-05-03","2026-02-10","CHF","20684.39","OVERDUE"
"725","1033","2026-03-09","2026-04-05","GBP","13253.06","OPEN"
"726","1159","2026-03-13","2026-03-29","USD","23095.13","OPEN"
"727","1186","2026-04-22","2026-05-27","CHF","12644.35","OPEN"
"728","1063","2026-07-17","2026-04-01","JPY","22000.13","OPEN"
"729","1012","2026-07-13","2026-05-12","EUR","5823.56","OVERDUE"
"730","1097","2026-07-19","2026-04-26","JPY","18501.09","OPEN"
"731","1160","2026-07-13","2026-06-10","EUR","7400.86","OPEN"
"732","1011","2026-04-17","2026-01-12","CHF","24905.42","PAID"
"733","1077","2026-01-04","2026-03-18","CHF","15080.14","OVERDUE"
"734","1086","2026-06-18","2026-06-05","GBP","17548.46","OVERDUE"
"735","1117","2026-02-01","2026-02-05","CHF","3016.77","PAID"
"736","1003","2026-05-23","2026-02-14","CHF","9144.4","OPEN"
"737","1082","2026-04-30","2026-05-15","USD","24119.16","OPEN"
"738","1186","2026-02-08","2026-06-07","EUR","21738.65","PAID"
"739","1023","2026-01-05","2026-04-01","EUR","20422.73","OVERDUE"
"740","1071","2026-07-07","2026-07-06","GBP","3324.22","OPEN"
"741","1070","2026-02-01","2026-01-08","EUR","8173.88","OVERDUE"
"742","1046","2026-01-21","2026-07-12","JPY","18143.37","OPEN"
"743","1194","2026-04-01","2026-04-15","CHF","8574.88","PAID"
"744","1130","2026-06-16","2026-03-27","USD","4001.27","OVERDUE"
"745","1137","2026-06-10","2026-02-06","CHF","13341.54","PAID"
"746","1006","2026-05-31","2026-07-31","CHF","18301.67","OPEN"
"747","1186","2026-04-20","2026-07-17","JPY","8835.8","OVERDUE"
"748","1092","2026-03-24","2026-01-15","JPY","20437.97","OPEN"
"749","1073","2026-05-15","2026-01-23","CHF","11696.29","OPEN"
"750","1069","2026-06-06","2026-06-04","JPY","24041.97","PAID"
"751","1145","2026-04-15","2026-01-30","EUR","2092.29","OVERDUE"
"752","1054","2026-04-10","2026-06-03","GBP","401.91","OVERDUE"
"753","1074","2026-01-22","2026-02-14","USD","16586.02","OPEN"
"754","1014","2026-07-09","2026-07-22","CHF","21927.11","PAID"
"755","1156","2026-02-12","2026-07-16","GBP","8565.56","OVERDUE"
"756","1180","2026-07-17","2026-02-19","USD","11631.62","PAID"
"757","1033","2026-03-22","2026-07-01","EUR","24418.58","OPEN"
"758","1129","2026-04-21","2026-03-11","USD","8249.3","OPEN"
"759","1121","2026-02-08","2026-04-29","EUR","6510.77","OVERDUE"
"760","1054","2026-06-18","2026-07-03","CHF","3595.56","OPEN"
"761","1034","2026-07-26","2026-01-04","CHF","12074.02","OVERDUE"
"762","1103","2026-01-22","2026-03-31","GBP","14511.38","OPEN"
"763","1137","2026-05-08","2026-06-27","EUR","15265.5","OPEN"
"764","1151","2026-05-24","2026-07-20","JPY","2481.43","OVERDUE"
"765","1118","2026-07-29","2026-04-16","GBP","15012.4","OVERDUE"
"766","1110","2026-03-07","2026-04-23","USD","12540.28","OVERDUE"
"767","1016","2026-01-29","2026-03-11","JPY","18416.33","PAID"
"768","1039","2026-01-07","2026-04-05","CHF","8991.18","PAID"
"769","1059","2026-01-15","2026-01-07","GBP","4588.76","OVERDUE"
"770","1022","2026-07-15","2026-07-29","GBP","448.02","OPEN"
"771","1058","2026-03-06","2026-02-18","EUR","16752.32","PAID"
"772","1109","2026-05-12","2026-01-26","USD","5248.32","OPEN"
"773","1193","2026-01-12","2026-01-23","EUR","7788.51","OPEN"
"774","1048","2026-04-17","2026-02-20","JPY","1261.22","OVERDUE"
"775","1043","2026-03-13","2026-04-15","EUR","4097.52","OVERDUE"
"776","1146","2026-02-15","2026-04-09","GBP","11404.37","OVERDUE"
"777","1091","2026-07-12","2026-06-10","JPY","18884.43","OVERDUE"
"778","1175","2026-07-07","2026-05-30","JPY","13437.94","PAID"
"779","1161","2026-07-29","2026-06-25","JPY","21930.67","OPEN"
"780","1056","2026-05-14","2026-07-07","EUR","17458.36","OVERDUE"
"781","1169","2026-05-16","2026-04-03","USD","12231.25","OPEN"
"782","1119","2026-04-12","2026-07-23","GBP","12703.18","PAID"
"783","1091","2026-06-17","2026-05-14","GBP","20431.92","PAID"
"784","1045","2026-05-16","2026-03-23","CHF","21353.07","OPEN"
"785","1056","2026-07-05","2026-02-09","CHF","10596.16","OPEN"
"786","1048","2026-02-27","2026-04-05","USD","23074.06","PAID"
"787","1102","2026-07-03","2026-05-12","EUR","6614.09","OVERDUE"
"788","1169","2026-02-23","2026-04-14","USD","24504.12","PAID"
"789","1000","2026-01-11","2026-03-30","USD","7686.42","OPEN"
"790","1122","2026-06-14","2026-02-05","EUR","15495.48","OVERDUE"
"791","1104","2026-02-09","2026-06-06","USD","8104.23","PAID"
"792","1155","2026-06-12","2026-04-18","GBP","18003.21","PAID"
"793","1126","2026-05-28","2026-05-02","EUR","8668.27","PAID"
"794","1044","2026-01-06","2026-01-21","USD","10357.83","PAID"
"795","1018","2026-04-07","2026-06-29","CHF","22326.29","PAID"
"796","1012","2026-06-09","2026-01-16","GBP","15358.53","PAID"
"797","1057","2026-07-13","2026-01-13","JPY","22481.97","OPEN"
"798","1015","2026-05-06","2026-02-04","USD","21914.29","OVERDUE"
"799","1032","2026-05-16","2026-07-15","CHF","24369.07","OVERDUE"
"800","1062","2026-05-21","2026-02-10","JPY","20326.69","OVERDUE"
"801","1191","2026-04-17","2026-03-21","GBP","2997.99","PAID"
"802","1022","2026-01-08","2026-05-17","USD","275.45","OPEN"
"803","1174","2026-05-25","2026-05-31","JPY","23073.29","PAID"
"804","1022","2026-02-01","2026-01-20","JPY","681.16","OPEN"
"805","1050","2026-07-04","2026-07-02","EUR","13850.58","OVERDUE"
"806","1018","2026-06-17","2026-02-21","USD","10567.64","OVERDUE"
"807","1122","2026-02-28","2026-05-03","CHF","9142.27","OVERDUE"
"808","1197","2026-04-12","2026-01-08","GBP","16716.9","OPEN"
"809","1071","2026-03-01","2026-02-27","EUR","16498.01","PAID"
"810","1034","2026-06-15","2026-06-25","USD","24003.25","PAID"
"811","1180","2026-04-10","2026-03-16","JPY","21997.9","PAID"
"812","1176","2026-04-19","2026-07-21","GBP","21351.8","OVERDUE"
"813","1078","2026-06-25","2026-04-06","JPY","13291.48","OVERDUE"
"814","1102","2026-07-25","2026-07-25","EUR","7478.38","PAID"
"815","1100","2026-06-09","2026-04-28","USD","4754.04","OVERDUE"
"816","1002","2026-05-25","2026-03-31","EUR","16883.82","OVERDUE"
"817","1154","2026-03-10","2026-02-18","EUR","8354.46","PAID"
"818","1193","2026-03-21","2026-05-06","JPY","14738.46","PAID"
"819","1100","2026-03-23","2026-02-03","USD","912.79","PAID"
"820","1153","2026-03-26","2026-06-21","GBP","1809.08","OVERDUE"
"821","1029","2026-01-06","2026-02-19","CHF","4849.35","OVERDUE"
"822","1130","2026-06-06","2026-07-19","CHF","6561.46","PAID"
"823","1076","2026-07-24","2026-05-18","USD","16459.67","PAID"
"824","1060","2026-02-26","2026-02-07","GBP","17453.3","OPEN"
"825","1187","2026-03-31","2026-04-11","EUR","2663.42","PAID"
"826","1070","2026-03-17","2026-06-16","JPY","10118.01","OVERDUE"
"827","1129","2026-02-15","2026-03-02","GBP","16129.95","PAID"
"828","1087","2026-02-04","2026-07-09","USD","20941.53","PAID"
"829","1153","2026-01-13","2026-06-23","JPY","21551.98","OPEN"
"830","1064","2026-04-10","2026-03-26","USD","18438.47","OPEN"
"831","1122","2026-07-03","2026-05-05","CHF","18269.03","OPEN"
"832","1010","2026-07-09","2026-01-16","CHF","16681.11","OPEN"
"833","1052","2026-05-04","2026-03-18","CHF","15589.13","PAID"
"834","1060","2026-07-24","2026-07-14","JPY","24064.4","OVERDUE"
"835","1150","2026-07-07","2026-07-03","GBP","3327.88","OPEN"
"836","1060","2026-03-06","2026-03-15","EUR","8982.17","OPEN"
"837","1033","2026-06-08","2026-06-30","CHF","4884.58","OPEN"
"838","1179","2026-01-09","2026-03-05","JPY","5740.75","OVERDUE"
"839","1181","2026-05-23","2026-02-23","GBP","11045.89","PAID"
"840","1001","2026-02-13","2026-05-28","GBP","8386.13","OPEN"
"841","1055","2026-01-03","2026-04-09","USD","16684.53","OVERDUE"
"842","1044","2026-01-14","2026-06-03","JPY","21900.81","OVERDUE"
"843","1171","2026-05-01","2026-04-04","USD","6590.35","OVERDUE"
"844","1128","2026-01-21","2026-03-04","JPY","13033.97","OVERDUE"
"845","1109","2026-02-03","2026-06-05","CHF","10228.39","PAID"
"846","1004","2026-06-27","2026-03-20","CHF","2665.79","PAID"
"847","1122","2026-04-22","2026-03-16","JPY","4473.63","OPEN"
"848","1128","2026-02-23","2026-06-23","USD","11290.53","OPEN"
"849","1185","2026-02-05","2026-05-26","CHF","13996.94","PAID"
"850","1183","2026-07-30","2026-07-20","USD","24311.32","OPEN"
"851","1147","2026-01-16","2026-03-14","USD","6118.99","PAID"
"852","1114","2026-07-19","2026-01-06","JPY","18049.4","OVERDUE"
"853","1182","2026-07-13","2026-04-17","EUR","119.9","PAID"
"854","1134","2026-05-25","2026-01-19","GBP","24364.26","OPEN"
"855","1107","2026-03-28","2026-03-03","CHF","201.57","OPEN"
"856","1035","2026-04-11","2026-07-30","CHF","8473.28","OVERDUE"
"857","1045","2026-05-20","2026-01-27","EUR","15253.37","OVERDUE"
"858","1016","2026-04-04","2026-07-16","JPY","-19321.1","OPEN"
"859","1079","2026-02-24","2026-02-24","GBP","17983.85","OVERDUE"
"860","1107","2026-06-05","2026-07-05","JPY","8459.91","PAID"
"861","1088","2026-04-18","2026-05-10","JPY","24930.77","PAID"
"862","1004","2026-07-24","2026-05-04","USD","18866.19","OPEN"
"863","1195","2026-03-18","2026-03-05","CHF","17310.28","PAID"
"864","1044","2026-06-06","2026-05-21","GBP","21103.28","OPEN"
"865","1186","2026-02-23","2026-06-11","USD","7916.36","OVERDUE"
"866","1189","2026-03-09","2026-07-11","CHF","6968.26","OVERDUE"
"867","1059","2026-05-23","2026-07-12","EUR","15570.64","PAID"
"868","1075","2026-05-02","2026-06-21","GBP","14688.76","OPEN"
"869","1155","2026-07-21","2026-05-05","GBP","23577.8","PAID"
"870","1143","2026-06-24","2026-07-16","EUR","18737.81","PAID"
"871","1008","2026-03-26","2026-01-09","JPY","20235.3","OPEN"
"872","1012","2026-06-09","2026-05-15","JPY","10484.23","OVERDUE"
"873","1137","2026-07-21","2026-02-25","JPY","3268.09","OPEN"
"874","1074","2026-03-09","2026-06-21","EUR","10630.42","OVERDUE"
"875","1172","2026-07-28","2026-01-06","USD","6804.3","OVERDUE"
"876","1035","2026-06-13","2026-03-25","CHF","13473.04","PAID"
"877","1039","2026-07-21","2026-04-09","JPY","7464","PAID"
"878","1175","2026-05-21","2026-06-27","GBP","13764.05","PAID"
"879","1015","2026-02-18","2026-01-28","USD","21521.74","OPEN"
"880","1155","2026-05-10","2026-03-26","CHF","8586.58","PAID"
"881","1036","2026-07-03","2026-05-27","CHF","5597.13","OPEN"
"882","1074","2026-03-14","2026-06-22","USD","11653.52","OVERDUE"
"883","1064","2026-02-10","2026-02-01","USD","13831.2","OVERDUE"
"884","1108","2026-02-26","2026-05-04","USD","16392.52","OVERDUE"
"885","1069","2026-01-14","2026-06-11","GBP","12380.98","OPEN"
"886","1160","2026-02-01","2026-02-28","USD","13189.69","PAID"
"887","1179","2026-03-08","2026-01-21","EUR","12585.27","OVERDUE"
"888","1084","2026-02-23","2026-04-29","CHF","5810.59","PAID"
"889","1121","2026-01-23","2026-04-01","GBP","10330","OVERDUE"
"890","1056","2026-01-12","2026-02-16","USD","18734.3","OPEN"
"891","1008","2026-07-04","2026-01-29","USD","7450.25","OPEN"
"892","1191","2026-04-13","2026-07-21","GBP","9621.71","OPEN"
"893","1164","2026-02-12","2026-01-25","JPY","24392.47","OPEN"
"894","1008","2026-06-29","2026-01-19","EUR","1196.92","OVERDUE"
"895","1053","2026-07-06","2026-01-08","JPY","17255.35","OVERDUE"
"896","1076","2026-04-01","2026-05-15","EUR","23175.48","OPEN"
"897","1125","2026-04-12","2026-01-02","JPY","24776","OVERDUE"
"898","1171","2026-01-22","2026-05-14","CHF","2560.55","OPEN"
"899","1005","2026-01-10","2026-07-01","USD","-8310.46","OVERDUE"
"900","1122","2026-07-14","2026-03-27","USD","1157.73","OPEN"
"901","1156","2026-04-13","2026-03-15","GBP","13814.25","OPEN"
"902","1074","2026-01-17","2026-06-02","CHF","13518.12","PAID"
"903","1156","2026-03-27","2026-06-30","JPY","3720.25","PAID"
"904","1076","2026-06-14","2026-01-03","USD","9310.42","OVERDUE"
"905","1113","2026-05-09","2026-03-21","JPY","24235.22","PAID"
"906","1124","2026-03-01","2026-06-24","GBP","879.81","OVERDUE"
"907","1195","2026-01-29","2026-03-30","GBP","14732.44","OVERDUE"
"908","1103","2026-04-27","2026-05-18","EUR","6876.51","OPEN"
"909","1142","2026-03-12","2026-06-09","GBP","2029.49","PAID"
"910","1095","2026-03-14","2026-02-24","GBP","10067.29","OPEN"
"911","1024","2026-01-06","2026-04-13","CHF","8517.88","OVERDUE"
"912","1129","2026-05-06","2026-02-19","GBP","17481.03","OVERDUE"
"913","1011","2026-06-04","2026-02-27","USD","4685.03","OVERDUE"
"914","1191","2026-01-16","2026-01-20","USD","17015.63","OPEN"
"915","1160","2026-02-04","2026-01-13","JPY","21307.41","OVERDUE"
"916","1105","2026-02-04","2026-05-17","USD","16916.15","PAID"
"917","1149","2026-04-21","2026-01-12","CHF","24575.75","OPEN"
"918","1123","2026-07-28","2026-05-24","GBP","18911.13","PAID"
"919","1192","2026-03-24","2026-05-04","EUR","6212.9","OVERDUE"
"920","1087","2026-02-06","2026-02-26","JPY","23022","PAID"
"921","1114","2026-05-13","2026-07-25","EUR","16506.09","OVERDUE"
"922","1111","2026-01-09","2026-03-15","CHF","21172.84","OPEN"
"923","1036","2026-03-23","2026-05-13","USD","1913.62","PAID"
"924","1155","2026-01-13","2026-06-20","EUR","5556.33","OPEN"
"925","1070","2026-06-16","2026-01-24","JPY","5530.69","OPEN"
"926","1072","2026-05-30","2026-05-05","CHF","22132.67","PAID"
"927","1070","2026-02-20","2026-05-13","JPY","24094.53","OVERDUE"
"928","1158","2026-05-17","2026-04-14","GBP","16606.76","PAID"
"929","1114","2026-02-04","2026-01-09","JPY","24214.5","PAID"
"930","1051","2026-02-20","2026-02-25","CHF","22493.51","OPEN"
"931","1137","2026-01-08","2026-03-08","GBP","3628.33","OPEN"
"932","1166","2026-02-08","2026-06-16","USD","4194.93","PAID"
"933","1028","2026-05-12","2026-05-14","JPY","1519.23","OVERDUE"
"934","1109","2026-04-26","2026-03-11","JPY","6174.92","OPEN"
"935","1010","2026-03-18","2026-06-09","JPY","5008.8","PAID"
"936","1122","2026-02-07","2026-01-11","GBP","10846","OVERDUE"
"937","1198","2026-02-24","2026-03-30","GBP","9530.09","OVERDUE"
"938","1124","2026-05-15","2026-03-14","USD","16028.46","OVERDUE"
"939","1099","2026-07-28","2026-02-25","GBP","793.29","OVERDUE"
"940","1165","2026-01-07","2026-04-28","GBP","8179.71","PAID"
"941","1090","2026-05-03","2026-04-11","GBP","11559.04","OVERDUE"
"942","1057","2026-07-12","2026-05-28","USD","1400.91","PAID"
"943","1146","2026-03-28","2026-03-24","JPY","24458.56","PAID"
"944","1038","2026-06-17","2026-07-30","CHF","24160.58","OPEN"
"945","1045","2026-07-03","2026-01-09","USD","22818.16","OPEN"
"946","1011","2026-07-04","2026-02-03","GBP","14705.46","OVERDUE"
"947","1015","2026-04-30","2026-07-25","EUR","14576.82","PAID"
"948","1126","2026-02-05","2026-03-29","USD","11285.13","PAID"
"949","1159","2026-04-12","2026-02-28","CHF","10402.17","OPEN"
"950","1009","2026-05-20","2026-01-02","USD","9867.17","PAID"
"951","1108","2026-02-18","2026-05-06","EUR","5286.19","PAID"
"952","1045","2026-01-06","2026-04-01","JPY","22775.41","PAID"
"953","1140","2026-05-14","2026-07-30","JPY","1814.09","OPEN"
"954","1078","2026-07-07","2026-02-16","CHF","22851.05","OPEN"
"955","1182","2026-07-24","2026-01-07","CHF","3711.66","OPEN"
"956","1189","2026-06-23","2026-06-18","GBP","10721.57","PAID"
"957","1092","2026-06-29","2026-01-22","JPY","3649.31","OPEN"
"958","1006","2026-01-03","2026-05-27","USD","11557.11","OPEN"
"959","1069","2026-03-20","2026-05-06","GBP","10194.07","OVERDUE"
"960","1012","2026-03-25","2026-06-09","USD","2179.95","PAID"
"961","1163","2026-02-12","2026-05-03","JPY","12876.86","OVERDUE"
"962","1006","2026-01-26","2026-02-03","CHF","17511.67","OVERDUE"
"963","1192","2026-03-13","2026-06-05","CHF","17126.5","OPEN"
"964","1090","2026-02-12","2026-07-13","JPY","23526.94","OPEN"
"965","1091","2026-03-16","2026-04-07","JPY","6083.53","OVERDUE"
"966","1163","2026-01-25","2026-04-27","EUR","14726.42","OVERDUE"
"967","1050","2026-04-02","2026-03-11","GBP","5371.35","PAID"
"968","1011","2026-01-04","2026-02-28","JPY","11349.25","PAID"
"969","1000","2026-05-21","2026-07-17","JPY","4265.32","PAID"
"970","1155","2026-05-30","2026-02-09","JPY","13519.38","OPEN"
"971","1045","2026-02-09","2026-03-31","USD","16317.2","OVERDUE"
"972","1155","2026-05-04","2026-05-20","JPY","7111.51","OVERDUE"
"973","1067","2026-02-07","2026-01-13","USD","7340.58","PAID"
"974","1091","2026-05-11","2026-06-21","USD","21560.09","OVERDUE"
"975","1147","2026-01-31","2026-03-14","USD","18283","OVERDUE"
"976","1167","2026-06-30","2026-03-06","CHF","23983.24","OVERDUE"
"977","1016","2026-02-28","2026-01-12","JPY","4098.25","OPEN"
"978","1106","2026-01-27","2026-03-19","JPY","4630.14","OVERDUE"
"979","1115","2026-05-10","2026-01-15","GBP","8524.44","PAID"
"980","1088","2026-03-08","2026-03-17","CHF","17939.64","OPEN"
"981","1065","2026-06-09","2026-04-23","EUR","14219.99","OVERDUE"
"982","1068","2026-06-10","2026-05-03","EUR","14421.71","PAID"
"983","1004","2026-07-27","2026-05-13","GBP","1224.86","PAID"
"984","1048","2026-02-20","2026-06-16","USD","1603.62","PAID"
"985","1194","2026-05-28","2026-05-25","CHF","4920.06","PAID"
"986","1074","2026-06-26","2026-01-31","GBP","23420.71","OVERDUE"
"987","1172","2026-04-15","2026-05-14","GBP","10027.71","OVERDUE"
"988","1067","2026-06-04","2026-07-27","JPY","20924.67","PAID"
"989","1104","2026-06-07","2026-02-12","USD","6050.13","PAID"
"990","1012","2026-07-09","2026-04-18","CHF","18284.24","OPEN"
"991","1029","2026-04-13","2026-07-15","CHF","153.85","PAID"
"992","1150","2026-02-02","2026-03-12","JPY","927.88","PAID"
"993","1195","2026-05-30","2026-02-13","GBP","5710.88","OVERDUE"
"994","1017","2026-07-19","2026-06-26","USD","2998.89","OVERDUE"
"995","1120","2026-01-27","2026-01-15","EUR","21225.71","OVERDUE"
"996","1049","2026-01-12","2026-06-30","CHF","19183.91","OPEN"
"997","1119","2026-07-04","2026-04-13","GBP","17428.96","PAID"
"998","1038","2026-03-06","2026-06-24","EUR","18846.57","OVERDUE"
"999","1109","2026-01-20","2026-04-11","CHF","19918.16","OPEN"
"1000","1006","2026-02-25","2026-02-14","EUR","14951.66","PAID"
"1001","1131","2026-03-16","2026-02-25","EUR","11067.61","PAID"
"1002","1014","2026-03-15","2026-03-17","GBP","2230.33","OPEN"
"1003","1165","2026-02-21","2026-02-02","CHF","17489.26","OVERDUE"
"1004","1194","2026-03-21","2026-06-30","GBP","3225.03","OPEN"
"1005","1122","2026-02-28","2026-04-17","GBP","15510.88","OPEN"
"1006","1191","2026-04-30","2026-07-14","EUR","9284.57","OVERDUE"
"1007","1150","2026-01-26","2026-06-25","GBP","14142.36","OVERDUE"
"1008","1003","2026-01-13","2026-05-02","EUR","18579.84","OPEN"
"1009","1197","2026-03-29","2026-04-10","USD","707.93","PAID"
"1010","1014","2026-07-01","2026-01-25","JPY","23474.27","OPEN"
"1011","1137","2026-02-19","2026-04-13","USD","21769.38","PAID"
"1012","1052","2026-01-05","2026-07-17","USD","5816.58","OVERDUE"
"1013","1043","2026-07-16","2026-04-29","CHF","8771.92","PAID"
"1014","1030","2026-04-05","2026-01-31","USD","21231.18","PAID"
"1015","1053","2026-06-01","2026-03-06","EUR","214.22","OVERDUE"
"1016","1166","2026-01-20","2026-02-18","JPY","8530","OVERDUE"
"1017","1078","2026-04-25","2026-01-26","EUR","11851.47","PAID"
"1018","1187","2026-04-29","2026-06-16","CHF","21918.6","OPEN"
"1019","1158","2026-03-13","2026-01-04","CHF","22446.09","OPEN"
"1020","1062","2026-05-13","2026-05-15","GBP","13656.72","OPEN"
"1021","1168","2026-03-11","2026-02-21","EUR","6438.62","PAID"
"1022","1183","2026-01-06","2026-05-19","GBP","6489.96","OPEN"
"1023","1030","2026-04-21","2026-05-04","CHF","20411.98","PAID"
"1024","1152","2026-02-14","2026-06-23","EUR","20106.4","OVERDUE"
"1025","1184","2026-04-14","2026-05-05","EUR","18085.13","PAID"
"1026","1046","2026-04-25","2026-04-03","JPY","11730.74","PAID"
"1027","1063","2026-03-18","2026-07-11","GBP","19287.12","OVERDUE"
"1028","1021","2026-01-11","2026-02-02","EUR","16573.54","PAID"
"1029","1023","2026-04-01","2026-07-27","EUR","8776.16","PAID"
"1030","1108","2026-01-15","2026-04-07","EUR","17058.45","PAID"
"1031","1197","2026-02-01","2026-02-13","CHF","6061.81","OPEN"
"1032","1171","2026-07-14","2026-04-11","GBP","4220.62","OPEN"
"1033","1088","2026-04-02","2026-01-03","GBP","23085.22","OPEN"
"1034","1023","2026-04-07","2026-02-11","GBP","389.39","OPEN"
"1035","1059","2026-04-05","2026-05-06","USD","22039.99","PAID"
"1036","1182","2026-07-21","2026-06-12","EUR","5943.85","OPEN"
"1037","1103","2026-04-18","2026-02-23","EUR","16139.89","OVERDUE"
"1038","1128","2026-04-04","2026-03-13","USD","4727.24","OPEN"
"1039","1139","2026-01-03","2026-05-28","CHF","20254.78","OPEN"
"1040","1094","2026-07-07","2026-06-23","JPY","16586.28","OVERDUE"
"1041","1097","2026-02-21","2026-06-09","CHF","17098.16","PAID"
"1042","1191","2026-07-20","2026-05-15","USD","21124.52","OVERDUE"
"1043","1001","2026-02-23","2026-02-01","GBP","16928.17","PAID"
"1044","1189","2026-01-16","2026-04-11","CHF","6628.05","OVERDUE"
"1045","1125","2026-04-02","2026-06-27","GBP","17857.31","PAID"
"1046","1039","2026-05-04","2026-03-04","CHF","14149.13","OVERDUE"
"1047","1012","2026-01-13","2026-05-10","EUR","6594.01","OVERDUE"
"1048","1127","2026-05-22","2026-04-05","USD","22501.86","PAID"
"1049","1034","2026-02-28","2026-01-08","USD","8251.84","OPEN"
"1050","1103","2026-06-19","2026-02-25","GBP","14039.66","OPEN"
"1051","1135","2026-07-01","2026-03-12","EUR","12517.2","OPEN"
"1052","1002","2026-07-02","2026-03-07","CHF","11692.39","OVERDUE"
"1053","1154","2026-03-24","2026-06-20","GBP","14569.65","OPEN"
"1054","1061","2026-02-24","2026-04-11","CHF","15416.97","OVERDUE"
"1055","1053","2026-03-16","2026-03-26","CHF","10498.44","PAID"
"1056","1164","2026-01-24","2026-06-20","EUR","16402.13","OVERDUE"
"1057","1083","2026-06-04","2026-03-24","USD","16698","OVERDUE"
"1058","1082","2026-04-07","2026-01-24","CHF","8354.53","OVERDUE"
"1059","1120","2026-07-02","2026-05-13","USD","19497.83","OPEN"
"1060","1103","2026-07-13","2026-01-26","EUR","8181.16","OVERDUE"
"1061","1056","2026-01-01","2026-05-21","USD","977.23","OVERDUE"
"1062","1106","2026-01-19","2026-04-20","JPY","21829.08","OPEN"
"1063","1180","2026-03-02","2026-07-31","EUR","20020.16","OVERDUE"
"1064","1050","2026-02-07","2026-01-26","CHF","14908.14","PAID"
"1065","1164","2026-02-26","2026-07-11","GBP","10201.58","OPEN"
"1066","1091","2026-04-05","2026-04-16","CHF","20032.94","OVERDUE"
"1067","1156","2026-01-24","2026-05-03","CHF","11874.43","PAID"
"1068","1126","2026-01-26","2026-07-09","GBP","22359.57","PAID"
"1069","1167","2026-04-26","2026-04-29","JPY","18423.83","PAID"
"1070","1165","2026-05-10","2026-05-23","JPY","24745.38","OVERDUE"
"1071","1170","2026-04-17","2026-05-04","CHF","18278.93","OPEN"
"1072","1013","2026-04-25","2026-06-30","CHF","3715.12","PAID"
"1073","1029","2026-01-03","2026-01-01","CHF","7141.85","OPEN"
"1074","1182","2026-07-18","2026-03-11","EUR","2509.11","PAID"
"1075","1100","2026-07-12","2026-02-06","EUR","8927.42","OPEN"
"1076","1125","2026-03-08","2026-01-18","USD","4498.3","PAID"
"1077","1000","2026-05-31","2026-06-17","CHF","13841.82","OVERDUE"
"1078","1121","2026-05-22","2026-07-18","CHF","13161.09","PAID"
"1079","1113","2026-02-23","2026-04-23","JPY","20440.06","OVERDUE"
"1080","1127","2026-05-25","2026-03-03","USD","13072.18","OPEN"
"1081","1140","2026-07-15","2026-04-24","EUR","10225.32","PAID"
"1082","1046","2026-04-25","2026-04-13","JPY","21634.48","OVERDUE"
"1083","1048","2026-02-20","2026-05-06","EUR","7242.05","PAID"
"1084","1011","2026-04-27","2026-05-25","CHF","21083.21","OPEN"
"1085","1005","2026-04-16","2026-05-09","JPY","4916.05","OPEN"
"1086","1151","2026-03-26","2026-04-08","GBP","3678.73","OVERDUE"
"1087","1144","2026-01-10","2026-07-02","CHF","1192.65","OPEN"
"1088","1089","2026-05-29","2026-06-23","JPY","16740.57","PAID"
"1089","1074","2026-07-01","2026-05-23","EUR","11715.36","OVERDUE"
"1090","1008","2026-07-05","2026-02-07","JPY","13171.81","OPEN"
"1091","1169","2026-01-28","2026-04-04","EUR","24894.19","OVERDUE"
"1092","1102","2026-06-23","2026-06-27","JPY","18216.55","PAID"
"1093","1160","2026-06-17","2026-07-01","EUR","24481.34","OVERDUE"
"1094","1109","2026-06-16","2026-05-02","USD","6672.09","PAID"
"1095","1034","2026-05-26","2026-02-22","GBP","3377.52","OVERDUE"
"1096","1115","2026-03-21","2026-03-13","JPY","22536.72","OVERDUE"
"1097","1008","2026-06-26","2026-06-02","GBP","7444.17","PAID"
"1098","1017","2026-03-10","2026-02-03","EUR","15371.78","OVERDUE"
"1099","1069","2026-07-03","2026-01-27","USD","2887.18","PAID"
"1100","1026","2026-05-06","2026-05-30","CHF","16845.51","OPEN"
"1101","1083","2026-04-20","2026-06-17","CHF","24650.49","OVERDUE"
"1102","1192","2026-07-01","2026-01-29","CHF","12969.21","PAID"
"1103","1074","2026-01-20","2026-05-13","CHF","10631.73","OVERDUE"
"1104","1102","2026-02-14","2026-04-13","GBP","7571.37","PAID"
"1105","1049","2026-01-03","2026-03-04","EUR","13195.77","PAID"
"1106","1162","2026-03-20","2026-04-22","JPY","781.36","PAID"
"1107","1002","2026-07-30","2026-03-07","GBP","20043.22","OPEN"
"1108","1101","2026-01-18","2026-07-13","USD","6438.76","OVERDUE"
"1109","1061","2026-03-06","2026-06-18","USD","24760.68","OVERDUE"
"1110","1170","2026-06-28","2026-04-18","CHF","14800.28","PAID"
"1111","1145","2026-01-21","2026-02-07","GBP","10322.28","PAID"
"1112","1044","2026-02-07","2026-01-14","USD","21047.66","OPEN"
"1113","1188","2026-03-22","2026-02-07","CHF","3737.35","OPEN"
"1114","1013","2026-06-05","2026-03-30","JPY","19134.29","OPEN"
"1115","1030","2026-06-19","2026-02-09","CHF","17053.47","OVERDUE"
"1116","1198","2026-06-05","2026-01-21","GBP","5141.35","OPEN"
"1117","1025","2026-06-04","2026-07-26","JPY","10310.11","PAID"
"1118","1092","2026-03-11","2026-07-21","USD","24131.55","PAID"
"1119","1073","2026-06-11","2026-05-06","USD","1599.88","OPEN"
"1120","1076","2026-07-06","2026-04-21","EUR","8387.06","OVERDUE"
"1121","1130","2026-01-18","2026-06-09","CHF","24120.34","PAID"
"1122","1000","2026-04-04","2026-07-07","JPY","10445.02","OVERDUE"
"1123","1095","2026-02-20","2026-04-16","GBP","6313.42","OPEN"
"1124","1196","2026-04-18","2026-07-10","CHF","3171.1","OPEN"
"1125","1171","2026-04-07","2026-03-03","EUR","573.99","OPEN"
"1126","1049","2026-02-11","2026-04-10","USD","24176.69","PAID"
"1127","1064","2026-05-30","2026-04-21","EUR","17907.88","OPEN"
"1128","1129","2026-01-06","2026-02-18","CHF","9385.5","OVERDUE"
"1129","1116","2026-07-01","2026-07-10","USD","8331.56","PAID"
"1130","1199","2026-05-06","2026-02-26","JPY","4886.66","OPEN"
"1131","1008","2026-01-06","2026-07-12","EUR","22082.35","PAID"
"1132","1161","2026-03-21","2026-04-26","CHF","6425.01","PAID"
"1133","1087","2026-01-14","2026-05-29","GBP","21163.46","PAID"
"1134","1068","2026-05-02","2026-01-04","USD","3462.47","PAID"
"1135","1022","2026-02-24","2026-06-04","CHF","5396.93","PAID"
"1136","1010","2026-03-10","2026-03-06","EUR","16792.11","OPEN"
"1137","1097","2026-03-17","2026-03-02","JPY","659.74","PAID"
"1138","1106","2026-05-01","2026-04-28","JPY","23522.01","OVERDUE"
"1139","1091","2026-07-09","2026-02-22","CHF","14238.73","OPEN"
"1140","1024","2026-06-22","2026-02-10","GBP","8117.93","OPEN"
"1141","1149","2026-03-25","2026-06-03","EUR","15314.09","OPEN"
"1142","1043","2026-06-05","2026-04-16","GBP","22142.68","OPEN"
"1143","1139","2026-02-06","2026-02-02","JPY","19384.6","OPEN"
"1144","1087","2026-01-12","2026-04-27","GBP","22385.57","OVERDUE"
"1145","1109","2026-01-20","2026-05-06","GBP","2382.19","OPEN"
"1146","1034","2026-06-26","2026-01-19","JPY","3203.23","OVERDUE"
"1147","1032","2026-06-09","2026-05-31","JPY","21169.35","PAID"
"1148","1129","2026-01-09","2026-03-29","GBP","2692.6","OVERDUE"
"1149","1068","2026-02-07","2026-04-22","EUR","22161.66","OVERDUE"
"1150","1129","2026-07-11","2026-01-02","CHF","12464.02","PAID"
"1151","1069","2026-01-15","2026-01-23","EUR","19846.48","OPEN"
"1152","1061","2026-06-27","2026-02-26","GBP","7809.96","OVERDUE"
"1153","1010","2026-02-08","2026-01-21","JPY","23319.74","OPEN"
"1154","1131","2026-04-30","2026-02-17","CHF","12100.67","PAID"
"1155","1171","2026-05-29","2026-06-25","CHF","14053.91","OPEN"
"1156","1196","2026-03-07","2026-05-19","JPY","22741.47","PAID"
"1157","1068","2026-02-24","2026-02-24","CHF","1016.97","PAID"
"1158","1146","2026-07-12","2026-03-11","EUR","19448.51","OPEN"
"1159","1102","2026-07-07","2026-04-23","JPY","17258.64","OVERDUE"
"1160","1027","2026-04-04","2026-02-24","JPY","18834.73","OPEN"
"1161","1176","2026-04-05","2026-07-20","JPY","15053.09","PAID"
"1162","1061","2026-07-24","2026-01-18","JPY","19860.94","OVERDUE"
"1163","1160","2026-04-16","2026-04-14","GBP","23219.98","OPEN"
"1164","1085","2026-01-26","2026-07-25","CHF","15232.79","OPEN"
"1165","1165","2026-01-01","2026-01-28","EUR","14549.66","OPEN"
"1166","1093","2026-03-23","2026-06-08","CHF","12802.16","OVERDUE"
"1167","1185","2026-04-05","2026-07-13","CHF","9490.35","OVERDUE"
"1168","1190","2026-06-12","2026-05-24","CHF","8377.62","OVERDUE"
"1169","1065","2026-07-27","2026-06-27","GBP","15422.02","OPEN"
"1170","1193","2026-07-22","2026-02-21","JPY","2879.25","PAID"
"1171","1023","2026-06-06","2026-01-29","USD","6938.78","OPEN"
"1172","1136","2026-01-12","2026-07-02","EUR","6633.88","OPEN"
"1173","1047","2026-04-07","2026-06-06","GBP","21512.92","OVERDUE"
"1174","1081","2026-07-13","2026-05-30","JPY","10016.58","OPEN"
"1175","1099","2026-05-22","2026-03-18","EUR","17979.06","OPEN"
"1176","1006","2026-04-25","2026-04-12","JPY","370.31","PAID"
"1177","1186","2026-07-26","2026-05-29","CHF","23713.25","OPEN"
"1178","1101","2026-04-18","2026-03-31","EUR","15207.32","OVERDUE"
"1179","1166","2026-04-01","2026-05-17","CHF","4841.73","PAID"
"1180","1077","2026-04-17","2026-01-12","GBP","13621.6","OVERDUE"
"1181","1183","2026-02-25","2026-03-31","EUR","1392.5","PAID"
"1182","1189","2026-01-02","2026-06-01","GBP","12352.1","OPEN"
"1183","1032","2026-07-18","2026-07-06","GBP","5942.07","OVERDUE"
"1184","1022","2026-06-27","2026-06-18","CHF","2939.3","PAID"
"1185","1095","2026-05-17","2026-06-14","EUR","11790.69","PAID"
"1186","1050","2026-01-01","2026-07-28","EUR","13086.71","OVERDUE"
"1187","1085","2026-07-16","2026-07-21","EUR","5882.64","OPEN"
"1188","1114","2026-02-06","2026-01-02","GBP","4695.01","OVERDUE"
"1189","1085","2026-05-13","2026-06-05","GBP","24894.04","OPEN"
"1190","1072","2026-07-19","2026-05-10","EUR","23523.18","OVERDUE"
"1191","1188","2026-07-10","2026-06-10","GBP","10193.25","OVERDUE"
"1192","1183","2026-06-29","2026-03-21","GBP","8175.26","OPEN"
"1193","1095","2026-06-12","2026-03-21","JPY","7951.06","PAID"
"1194","1076","2026-02-22","2026-03-22","JPY","19821.71","OPEN"
"1195","1198","2026-03-14","2026-07-05","EUR","10438.8","OVERDUE"
"1196","1055","2026-02-23","2026-07-12","GBP","7800.21","OVERDUE"
"1197","1157","2026-03-17","2026-07-20","JPY","2775.42","PAID"
"1198","1035","2026-02-20","2026-07-19","GBP","14114.95","PAID"
"1199","1131","2026-03-21","2026-04-05","EUR","2350.68","OVERDUE"
"1200","1102","2026-04-16","2026-04-17","EUR","15688.89","OPEN"
"1201","1103","2026-04-10","2026-04-29","CHF","6916.16","OVERDUE"
"1202","1179","2026-04-03","2026-07-18","JPY","7826.86","OVERDUE"
"1203","1020","2026-07-18","2026-03-28","GBP","4476.45","OPEN"
"1204","1177","2026-04-08","2026-04-09","JPY","1948.99","PAID"
"1205","1173","2026-04-05","2026-02-19","JPY","14738.88","OPEN"
"1206","1155","2026-03-22","2026-03-12","CHF","17256.87","OVERDUE"
"1207","1189","2026-04-18","2026-07-15","GBP","23985.24","PAID"
"1208","1113","2026-01-20","2026-03-14","JPY","2991.19","OPEN"
"1209","1001","2026-01-21","2026-01-20","USD","14483.04","OVERDUE"
"1210","1199","2026-05-30","2026-01-10","EUR","8199.71","PAID"
"1211","1112","2026-01-16","2026-02-20","EUR","3777.36","OPEN"
"1212","1192","2026-04-25","2026-05-30","GBP","21523.3","PAID"
"1213","1071","2026-07-09","2026-06-26","GBP","21756.1","OPEN"
"1214","1057","2026-02-21","2026-06-03","GBP","838.91","PAID"
"1215","1161","2026-07-05","2026-04-15","CHF","18253.74","OVERDUE"
"1216","1003","2026-01-22","2026-03-15","GBP","-1862.81","OVERDUE"
"1217","1111","2026-03-23","2026-02-06","USD","17296.89","PAID"
"1218","1164","2026-02-15","2026-04-11","USD","18403.09","OPEN"
"1219","1168","2026-04-19","2026-03-22","EUR","14271.09","OPEN"
"1220","1134","2026-02-14","2026-01-15","EUR","24758.56","OVERDUE"
"1221","1159","2026-04-13","2026-01-02","USD","7398.53","PAID"
"1222","1172","2026-04-28","2026-06-21","GBP","17752.06","OVERDUE"
"1223","1133","2026-01-05","2026-05-05","CHF","7975.9","PAID"
"1224","1119","2026-07-25","2026-05-08","EUR","18256.42","OVERDUE"
"1225","1035","2026-01-23","2026-06-08","JPY","22595.83","PAID"
"1226","1147","2026-04-10","2026-07-28","JPY","7579.61","OVERDUE"
"1227","1193","2026-05-02","2026-03-06","GBP","13648.03","OVERDUE"
"1228","1038","2026-04-12","2026-05-19","USD","-4183.5","PAID"
"1229","1104","2026-03-27","2026-06-21","JPY","3852.96","OVERDUE"
"1230","1090","2026-01-13","2026-04-21","EUR","21057.52","OPEN"
"1231","1111","2026-05-09","2026-01-16","JPY","24041.77","OPEN"
"1232","1079","2026-03-05","2026-04-06","GBP","5178.36","OVERDUE"
"1233","1126","2026-01-20","2026-03-18","CHF","22182.62","OPEN"
"1234","1013","2026-02-06","2026-01-30","GBP","20703.03","OVERDUE"
"1235","1103","2026-06-15","2026-05-05","JPY","7564.24","OPEN"
"1236","1176","2026-05-04","2026-05-20","USD","1852.18","OVERDUE"
"1237","1020","2026-03-18","2026-05-10","GBP","14170.69","OVERDUE"
"1238","1195","2026-02-04","2026-05-23","CHF","17484.16","OPEN"
"1239","1087","2026-07-17","2026-05-05","EUR","17952.63","OVERDUE"
"1240","1105","2026-07-03","2026-03-20","EUR","3175.1","OVERDUE"
"1241","1103","2026-05-30","2026-04-16","USD","8592.48","OPEN"
"1242","1164","2026-04-22","2026-07-29","JPY","2375.97","PAID"
"1243","1124","2026-07-13","2026-06-17","GBP","17179.37","PAID"
"1244","1131","2026-01-15","2026-07-09","GBP","3992.35","PAID"
"1245","1100","2026-02-21","2026-04-23","GBP","6181.12","PAID"
"1246","1092","2026-02-07","2026-05-21","CHF","1853.36","PAID"
"1247","1081","2026-05-07","2026-06-05","USD","13018.79","PAID"
"1248","1192","2026-05-03","2026-04-10","EUR","8321.99","OPEN"
"1249","1128","2026-05-08","2026-02-03","CHF","7940.68","OVERDUE"
"1250","1057","2026-04-08","2026-05-10","USD","9677.98","PAID"
"1251","1148","2026-01-28","2026-02-11","JPY","2491.5","PAID"
"1252","1095","2026-02-04","2026-06-06","GBP","20458.41","OVERDUE"
"1253","1134","2026-01-13","2026-05-24","GBP","17027.69","OVERDUE"
"1254","1115","2026-04-17","2026-01-11","JPY","14797.37","OPEN"
"1255","1027","2026-01-27","2026-01-13","CHF","7651.59","OPEN"
"1256","1090","2026-02-27","2026-06-05","EUR","18563.49","PAID"
"1257","1089","2026-03-31","2026-06-23","CHF","15423.61","OVERDUE"
"1258","1080","2026-07-18","2026-01-16","CHF","19356.15","PAID"
"1259","1126","2026-01-31","2026-07-21","EUR","8456.66","PAID"
"1260","1007","2026-05-25","2026-02-08","JPY","3275.99","OVERDUE"
"1261","1159","2026-07-19","2026-05-13","USD","8269.74","OVERDUE"
"1262","1016","2026-02-19","2026-06-29","EUR","16549.33","PAID"
"1263","1038","2026-07-29","2026-07-23","JPY","12635.99","PAID"
"1264","1025","2026-06-16","2026-01-10","CHF","1382.93","PAID"
"1265","1149","2026-05-15","2026-02-23","JPY","20790.23","PAID"
"1266","1005","2026-04-05","2026-05-08","EUR","9966.77","OVERDUE"
"1267","1184","2026-01-23","2026-01-16","CHF","949.33","PAID"
"1268","1140","2026-02-16","2026-07-21","EUR","14877.16","OPEN"
"1269","1031","2026-05-04","2026-02-28","EUR","9992.75","OVERDUE"
"1270","1121","2026-05-06","2026-05-21","GBP","18126.12","OPEN"
"1271","1108","2026-03-18","2026-02-11","JPY","3300.14","OPEN"
"1272","1137","2026-07-25","2026-07-31","CHF","7067.85","OPEN"
"1273","1083","2026-03-05","2026-02-19","GBP","14107.7","OVERDUE"
"1274","1174","2026-03-11","2026-01-10","CHF","23714.83","OPEN"
"1275","1103","2026-03-29","2026-07-10","EUR","5035.72","PAID"
"1276","1173","2026-06-09","2026-06-19","USD","16187.5","OPEN"
"1277","1123","2026-02-28","2026-05-13","EUR","11240.51","OPEN"
"1278","1058","2026-04-01","2026-07-14","GBP","7624.31","OPEN"
"1279","1006","2026-02-02","2026-07-07","JPY","9008.19","OPEN"
"1280","1112","2026-01-21","2026-03-15","JPY","22581.81","OVERDUE"
"1281","1110","2026-04-02","2026-07-12","CHF","22137.09","PAID"
"1282","1010","2026-03-31","2026-02-23","GBP","9246.56","OVERDUE"
"1283","1198","2026-07-28","2026-03-28","USD","3275.26","OPEN"
"1284","1121","2026-07-14","2026-04-28","GBP","12159.1","PAID"
"1285","1035","2026-02-28","2026-06-23","USD","7650.88","PAID"
"1286","1010","2026-01-02","2026-02-18","JPY","15760.04","OVERDUE"
"1287","1148","2026-05-15","2026-04-29","GBP","10514.73","OVERDUE"
"1288","1023","2026-07-18","2026-04-14","JPY","23684.08","PAID"
"1289","1104","2026-03-17","2026-06-29","CHF","18278.24","OPEN"
"1290","1029","2026-04-02","2026-07-11","EUR","5135.77","PAID"
"1291","1197","2026-02-08","2026-05-09","USD","12046.05","OPEN"
"1292","1057","2026-07-30","2026-06-30","JPY","21046.13","PAID"
"1293","1068","2026-03-12","2026-05-11","GBP","11953.7","OVERDUE"
"1294","1131","2026-03-22","2026-06-03","CHF","19901.94","OPEN"
"1295","1040","2026-05-19","2026-05-30","USD","2900.59","PAID"
"1296","1152","2026-07-06","2026-03-12","USD","14794.75","OVERDUE"
"1297","1073","2026-07-31","2026-02-09","JPY","2075.16","OVERDUE"
"1298","1020","2026-03-02","2026-04-09","EUR","20247.66","OVERDUE"
"1299","1161","2026-07-07","2026-03-20","CHF","12716.43","OVERDUE"
"1300","1068","2026-01-31","2026-04-15","CHF","7056.76","OVERDUE"
"1301","1090","2026-03-02","2026-05-25","GBP","23121.13","OVERDUE"
"1302","1077","2026-04-24","2026-02-16","EUR","6234.03","OPEN"
"1303","1074","2026-02-21","2026-05-24","JPY","19578.26","OPEN"
"1304","1010","2026-07-23","2026-04-13","GBP","20268.94","OVERDUE"
"1305","1172","2026-05-28","2026-06-23","CHF","3805.92","OVERDUE"
"1306","1000","2026-06-15","2026-05-06","CHF","5685","OPEN"
"1307","1070","2026-02-02","2026-03-18","EUR","1176.84","PAID"
"1308","1181","2026-06-22","2026-01-23","CHF","24670.52","OPEN"
"1309","1066","2026-02-11","2026-06-30","CHF","15696.64","OPEN"
"1310","1169","2026-03-26","2026-05-18","EUR","6565.34","PAID"
"1311","1093","2026-01-19","2026-06-22","CHF","11205.58","OVERDUE"
"1312","1162","2026-01-27","2026-06-05","USD","13557.67","OPEN"
"1313","1177","2026-06-01","2026-01-09","JPY","1439.45","PAID"
"1314","1117","2026-06-06","2026-01-12","GBP","5100.95","OVERDUE"
"1315","1152","2026-05-31","2026-01-02","CHF","22037.71","PAID"
"1316","1147","2026-03-03","2026-07-27","USD","15153.99","OPEN"
"1317","1014","2026-01-25","2026-05-10","CHF","19998.81","OPEN"
"1318","1138","2026-05-10","2026-05-18","CHF","14581.76","OPEN"
"1319","1070","2026-06-11","2026-05-20","CHF","17382","PAID"
"1320","1083","2026-06-04","2026-03-19","JPY","3700.67","PAID"
"1321","1085","2026-01-13","2026-03-31","EUR","12963.14","PAID"
"1322","1126","2026-04-04","2026-02-18","EUR","3846.78","OPEN"
"1323","1019","2026-03-17","2026-07-27","USD","13694.72","OVERDUE"
"1324","1107","2026-03-09","2026-03-19","EUR","13941.46","PAID"
"1325","1078","2026-02-22","2026-03-08","JPY","11826.6","OPEN"
"1326","1111","2026-02-18","2026-04-05","CHF","20258.42","PAID"
"1327","1065","2026-04-02","2026-03-27","USD","9286.03","PAID"
"1328","1074","2026-03-23","2026-03-11","EUR","24573.28","OVERDUE"
"1329","1149","2026-01-13","2026-01-19","JPY","19295.88","OVERDUE"
"1330","1038","2026-07-13","2026-06-24","USD","21321.41","OVERDUE"
"1331","1026","2026-04-23","2026-04-06","USD","20141.1","OPEN"
"1332","1178","2026-07-23","2026-01-15","GBP","16473.12","PAID"
"1333","1174","2026-07-29","2026-02-16","GBP","8661.36","OPEN"
"1334","1034","2026-03-18","2026-01-21","CHF","9348.47","PAID"
"1335","1104","2026-05-04","2026-01-27","CHF","12191.9","OPEN"
"1336","1172","2026-07-05","2026-02-06","JPY","19251.54","OPEN"
"1337","1019","2026-01-05","2026-05-27","GBP","17152.89","PAID"
"1338","1186","2026-05-08","2026-01-28","JPY","5582.43","PAID"
"1339","1034","2026-03-17","2026-04-17","JPY","18331.05","OPEN"
"1340","1075","2026-07-19","2026-02-11","USD","1962.89","PAID"
"1341","1023","2026-01-10","2026-03-12","CHF","19490.37","OVERDUE"
"1342","1069","2026-03-27","2026-05-23","GBP","24007.25","OPEN"
"1343","1198","2026-07-31","2026-02-04","JPY","20213.43","OPEN"
"1344","1104","2026-05-22","2026-01-22","CHF","6964.12","PAID"
"1345","1015","2026-04-16","2026-07-06","CHF","12229.24","PAID"
"1346","1112","2026-06-19","2026-06-13","JPY","7897","OVERDUE"
"1347","1192","2026-06-26","2026-05-21","CHF","22320.36","OPEN"
"1348","1190","2026-01-07","2026-04-30","EUR","19309","PAID"
"1349","1076","2026-02-18","2026-07-28","GBP","8240.48","PAID"
"1350","1183","2026-06-17","2026-01-16","CHF","8737.3","PAID"
"1351","1039","2026-03-25","2026-07-31","USD","19645.75","PAID"
"1352","1169","2026-04-04","2026-01-08","USD","21499.52","OVERDUE"
"1353","1094","2026-03-08","2026-03-25","CHF","8312.49","OVERDUE"
"1354","1115","2026-06-17","2026-05-23","USD","5401.05","PAID"
"1355","1007","2026-05-05","2026-01-18","JPY","14047.54","OVERDUE"
"1356","1128","2026-05-01","2026-02-27","GBP","24239.41","PAID"
"1357","1158","2026-07-21","2026-06-05","JPY","846.05","OPEN"
"1358","1096","2026-05-24","2026-07-07","EUR","3397.49","PAID"
"1359","1121","2026-03-11","2026-07-24","CHF","6190.95","OPEN"
"1360","1172","2026-07-21","2026-05-01","JPY","13145.39","PAID"
"1361","1151","2026-01-27","2026-06-23","EUR","9639.7","OPEN"
"1362","1169","2026-07-18","2026-04-25","EUR","16058.87","PAID"
"1363","1183","2026-02-11","2026-02-25","EUR","15140.35","OVERDUE"
"1364","1048","2026-03-07","2026-03-01","GBP","3243.19","PAID"
"1365","1010","2026-02-04","2026-01-06","JPY","18503.53","OVERDUE"
"1366","1112","2026-01-15","2026-07-29","USD","15236.89","PAID"
"1367","1078","2026-03-31","2026-03-07","CHF","20933.85","OVERDUE"
"1368","1152","2026-03-06","2026-03-08","JPY","5977.43","OPEN"
"1369","1164","2026-04-24","2026-03-16","JPY","19959.31","OVERDUE"
"1370","1156","2026-04-19","2026-07-04","JPY","21379.58","OVERDUE"
"1371","1026","2026-02-28","2026-01-06","GBP","20919.73","OPEN"
"1372","1178","2026-07-26","2026-03-04","EUR","6819.82","PAID"
"1373","1172","2026-06-01","2026-01-05","EUR","24689.95","OVERDUE"
"1374","1107","2026-05-16","2026-05-31","JPY","5576","OVERDUE"
"1375","1183","2026-04-03","2026-02-10","CHF","23024.35","PAID"
"1376","1006","2026-03-03","2026-04-20","CHF","14805.55","PAID"
"1377","1113","2026-01-12","2026-01-20","USD","16473.83","OVERDUE"
"1378","1161","2026-06-30","2026-02-09","GBP","15094.22","PAID"
"1379","1128","2026-03-08","2026-03-30","USD","15414.55","PAID"
"1380","1108","2026-01-22","2026-05-21","GBP","5907.52","PAID"
"1381","1085","2026-04-18","2026-04-22","USD","15421.97","PAID"
"1382","1118","2026-05-12","2026-03-06","GBP","20151.08","OPEN"
"1383","1118","2026-01-02","2026-06-06","JPY","17510.09","OVERDUE"
"1384","1197","2026-01-21","2026-05-20","GBP","750.45","PAID"
"1385","1191","2026-04-01","2026-03-04","EUR","24044.5","OVERDUE"
"1386","1069","2026-05-21","2026-07-11","GBP","2428.13","OVERDUE"
"1387","1139","2026-01-25","2026-02-10","GBP","15863.28","PAID"
"1388","1019","2026-07-15","2026-03-09","EUR","21552.23","PAID"
"1389","1083","2026-07-03","2026-01-23","GBP","10723.07","OVERDUE"
"1390","1039","2026-01-02","2026-05-17","USD","23445.77","PAID"
"1391","1069","2026-06-26","2026-06-04","GBP","18378.9","PAID"
"1392","1197","2026-04-10","2026-02-01","CHF","8761.6","OPEN"
"1393","1101","2026-07-26","2026-01-11","USD","2111.72","OVERDUE"
"1394","1160","2026-06-19","2026-07-14","CHF","23235.27","OVERDUE"
"1395","1021","2026-04-27","2026-05-29","CHF","10416.95","OPEN"
"1396","1018","2026-05-06","2026-02-24","GBP","17651.23","OPEN"
"1397","1080","2026-07-22","2026-02-22","JPY","4137.54","OVERDUE"
"1398","1006","2026-05-07","2026-07-18","CHF","19552.43","OVERDUE"
"1399","1007","2026-06-22","2026-02-12","JPY","7845.36","OVERDUE"
"1400","1185","2026-04-06","2026-07-23","CHF","19694.26","PAID"
"1401","1078","2026-06-18","2026-02-12","EUR","2686.66","OVERDUE"
"1402","1170","2026-05-22","2026-02-17","CHF","12536.7","PAID"
"1403","1192","2026-06-12","2026-07-29","USD","20239.38","PAID"
"1404","1156","2026-01-12","2026-04-16","GBP","5069.96","PAID"
"1405","1102","2026-03-02","2026-06-13","EUR","14102.79","OVERDUE"
"1406","1162","2026-06-05","2026-03-16","GBP","6949.53","OVERDUE"
"1407","1029","2026-07-27","2026-07-02","USD","3892.28","OVERDUE"
"1408","1138","2026-07-26","2026-05-18","CHF","19845.62","OVERDUE"
"1409","1148","2026-05-30","2026-04-04","USD","9079.91","OVERDUE"
"1410","1077","2026-04-06","2026-03-17","CHF","23025.08","PAID"
"1411","1006","2026-05-16","2026-03-02","EUR","10869.56","OPEN"
"1412","1015","2026-05-16","2026-06-29","USD","21520.17","OVERDUE"
"1413","1063","2026-01-26","2026-04-16","JPY","12762.21","OVERDUE"
"1414","1005","2026-07-12","2026-05-18","CHF","946.58","OPEN"
"1415","1106","2026-04-17","2026-03-15","EUR","21481.82","PAID"
"1416","1067","2026-03-19","2026-03-26","CHF","20545.56","PAID"
"1417","1012","2026-05-07","2026-07-30","GBP","24521.96","PAID"
"1418","1066","2026-07-02","2026-02-08","JPY","12810.83","PAID"
"1419","1147","2026-05-16","2026-05-31","CHF","-2130.88","OPEN"
"1420","1028","2026-04-17","2026-07-21","EUR","21684.26","OVERDUE"
"1421","1152","2026-01-21","2026-07-14","EUR","4411.98","OPEN"
"1422","1062","2026-05-19","2026-05-30","CHF","10267.31","PAID"
"1423","1129","2026-02-04","2026-06-24","CHF","17376.62","OVERDUE"
"1424","1146","2026-05-27","2026-01-09","EUR","16240.77","OPEN"
"1425","1019","2026-01-09","2026-06-10","JPY","2697.29","PAID"
"1426","1153","2026-02-26","2026-02-13","USD","2337.12","OVERDUE"
"1427","1199","2026-01-01","2026-07-31","JPY","1004.72","OPEN"
"1428","1068","2026-01-28","2026-04-05","CHF","9046.47","PAID"
"1429","1082","2026-07-05","2026-07-14","CHF","9478.35","OPEN"
"1430","1123","2026-07-20","2026-01-21","GBP","1144.73","PAID"
"1431","1180","2026-05-12","2026-05-11","GBP","15499.49","PAID"
"1432","1139","2026-01-10","2026-06-29","CHF","4628.65","OVERDUE"
"1433","1184","2026-03-08","2026-06-14","CHF","10754.31","OVERDUE"
"1434","1079","2026-03-03","2026-03-28","USD","13752.63","OVERDUE"
"1435","1010","2026-07-11","2026-05-17","EUR","5300.42","OVERDUE"
"1436","1102","2026-06-26","2026-07-06","CHF","15410.82","OPEN"
"1437","1167","2026-01-15","2026-07-31","EUR","7241.68","PAID"
"1438","1128","2026-03-09","2026-02-12","CHF","11370.68","OPEN"
"1439","1066","2026-02-14","2026-05-28","JPY","13253.06","OVERDUE"
"1440","1028","2026-02-13","2026-03-20","GBP","9161.64","OVERDUE"
"1441","1097","2026-07-09","2026-07-10","EUR","7979.61","OPEN"
"1442","1044","2026-03-28","2026-06-21","USD","15986.89","OVERDUE"
"1443","1117","2026-04-05","2026-05-24","JPY","17065.92","OPEN"
"1444","1125","2026-02-09","2026-03-04","USD","23497.39","OVERDUE"
"1445","1175","2026-05-13","2026-04-28","CHF","2027.52","OPEN"
"1446","1085","2026-03-05","2026-03-20","CHF","7298.3","OVERDUE"
"1447","1162","2026-07-08","2026-02-20","USD","23535.32","OVERDUE"
"1448","1153","2026-05-28","2026-03-12","JPY","5601.15","PAID"
"1449","1143","2026-05-08","2026-03-04","USD","5788.76","PAID"
"1450","1157","2026-02-24","2026-05-03","JPY","21913.79","PAID"
"1451","1029","2026-03-06","2026-07-02","GBP","6646.92","OVERDUE"
"1452","1060","2026-01-13","2026-01-02","USD","1806.14","OVERDUE"
"1453","1188","2026-02-16","2026-01-16","JPY","3245","OPEN"
"1454","1140","2026-01-17","2026-04-10","USD","7376.05","OPEN"
"1455","1127","2026-05-20","2026-05-07","USD","18913.51","OVERDUE"
"1456","1078","2026-04-10","2026-04-23","USD","10026.17","OPEN"
"1457","1110","2026-03-03","2026-01-21","JPY","1223.09","OVERDUE"
"1458","1006","2026-04-17","2026-07-02","USD","6244.19","OVERDUE"
"1459","1046","2026-03-25","2026-07-03","CHF","11293.52","OPEN"
"1460","1080","2026-03-28","2026-07-21","CHF","19912.15","OVERDUE"
"1461","1151","2026-04-26","2026-03-22","CHF","12358.17","OPEN"
"1462","1158","2026-03-20","2026-05-13","USD","7530.22","PAID"
"1463","1031","2026-06-06","2026-07-23","CHF","4389.95","OVERDUE"
"1464","1016","2026-05-21","2026-04-05","CHF","4229.31","OPEN"
"1465","1178","2026-02-01","2026-06-20","GBP","18704.27","OVERDUE"
"1466","1193","2026-04-12","2026-04-02","JPY","7677.43","OPEN"
"1467","1004","2026-02-21","2026-05-12","CHF","7542.26","PAID"
"1468","1135","2026-07-30","2026-07-13","JPY","1808.88","OPEN"
"1469","1178","2026-07-18","2026-01-12","CHF","9734.76","PAID"
"1470","1045","2026-06-23","2026-03-04","JPY","225.71","OVERDUE"
"1471","1051","2026-04-22","2026-02-25","JPY","7901.69","OVERDUE"
"1472","1085","2026-06-25","2026-01-10","JPY","17814.64","OVERDUE"
"1473","1031","2026-07-09","2026-02-21","EUR","22465.87","OVERDUE"
"1474","1109","2026-03-21","2026-06-03","EUR","15383.45","OPEN"
"1475","1085","2026-03-10","2026-01-11","JPY","13694.36","OVERDUE"
"1476","1093","2026-05-18","2026-07-27","EUR","1418.09","OVERDUE"
"1477","1022","2026-01-03","2026-03-20","CHF","15312.21","OPEN"
"1478","1186","2026-01-11","2026-03-11","CHF","17249.74","OVERDUE"
"1479","1030","2026-04-24","2026-02-11","EUR","2991.58","OPEN"
"1480","1101","2026-07-30","2026-07-04","CHF","-6646.81","OVERDUE"
"1481","1049","2026-02-25","2026-07-25","USD","19923.91","OPEN"
"1482","1074","2026-03-17","2026-06-04","GBP","15477.1","OVERDUE"
"1483","1055","2026-06-03","2026-06-20","GBP","18268.94","OVERDUE"
"1484","1022","2026-06-15","2026-07-07","EUR","17587.48","PAID"
"1485","1003","2026-04-17","2026-07-21","USD","11559.26","OVERDUE"
"1486","1158","2026-03-17","2026-05-31","JPY","9406.9","PAID"
"1487","1037","2026-04-10","2026-03-23","USD","7042.13","PAID"
"1488","1054","2026-01-14","2026-07-03","CHF","12642.96","OPEN"
"1489","1097","2026-01-18","2026-06-05","JPY","9554.28","OPEN"
"1490","1172","2026-06-14","2026-07-16","CHF","20704.19","PAID"
"1491","1073","2026-01-21","2026-03-18","EUR","20465.14","PAID"
"1492","1062","2026-04-17","2026-02-12","CHF","13281.94","OVERDUE"
"1493","1087","2026-01-18","2026-03-16","JPY","9549.83","OVERDUE"
"1494","1055","2026-07-27","2026-01-09","USD","13577.21","PAID"
"1495","1140","2026-04-08","2026-03-14","GBP","10940.28","OVERDUE"
"1496","1195","2026-04-18","2026-04-10","JPY","18506.64","OVERDUE"
"1497","1117","2026-04-23","2026-06-28","USD","5347.95","PAID"
"1498","1140","2026-05-02","2026-02-05","USD","15049.71","OPEN"
"1499","1024","2026-03-09","2026-01-21","CHF","4624.19","OPEN"
"1500","1008","2026-07-01","2026-05-16","USD","14948.52","PAID"
